entry_time,exit_time,side,exit_reason,R,pnl_equity_pct
2019-09-19 03:15:00+00:00,2019-09-19 03:20:00+00:00,SHORT,TP,2.9090909090909416,1.3712665226398562
2019-09-21 12:45:00+00:00,2019-09-21 12:50:00+00:00,SHORT,SL,-1.0,-0.6486157648194157
2019-09-23 14:30:00+00:00,2019-09-23 14:45:00+00:00,SHORT,SL,-1.0,-0.6456312593480814
2019-09-23 22:20:00+00:00,2019-09-23 22:25:00+00:00,SHORT,SL,-1.0,-0.5993080944429612
2019-09-24 18:45:00+00:00,2019-09-24 18:50:00+00:00,SHORT,TRAIL,12.924058135095468,6.371137894759904
2019-09-26 15:50:00+00:00,2019-09-26 15:55:00+00:00,SHORT,TRAIL,0.7713659417834743,0.3292841755763186
2019-09-30 04:30:00+00:00,2019-09-30 04:45:00+00:00,SHORT,TRAIL,1.272224595687044,0.5488999733211449
2019-10-03 14:30:00+00:00,2019-10-03 14:40:00+00:00,SHORT,TRAIL,1.2107791941961963,0.48998728825949933
2019-10-06 07:00:00+00:00,2019-10-06 07:15:00+00:00,SHORT,TRAIL,0.7442780206605499,0.23203392350019328
2019-10-06 18:45:00+00:00,2019-10-06 19:50:00+00:00,SHORT,SL,-1.0,-0.5884442665891535
2019-10-13 16:30:00+00:00,2019-10-13 16:45:00+00:00,LONG,SL,-1.0,-0.6788836414694348
2019-10-15 16:15:00+00:00,2019-10-15 22:15:00+00:00,SHORT,TIME,0.5807202904228824,0.19202955729132287
2019-10-16 12:30:00+00:00,2019-10-16 12:35:00+00:00,SHORT,TRAIL,0.8278522165908875,0.2849128970377842
2019-10-18 05:45:00+00:00,2019-10-18 06:00:00+00:00,SHORT,TRAIL,0.9964083651680503,0.3750785240135391
2019-10-23 12:45:00+00:00,2019-10-23 12:50:00+00:00,SHORT,TRAIL,4.083608014771988,1.97435265839324
2019-10-23 16:00:00+00:00,2019-10-23 16:05:00+00:00,SHORT,SL,-1.0,-0.5652486123536167
2019-10-26 01:10:00+00:00,2019-10-26 01:15:00+00:00,LONG,SL,-1.0,-0.5370087667615869
2019-10-27 16:40:00+00:00,2019-10-27 17:10:00+00:00,LONG,SL,-1.0,-0.5407936044123828
2019-11-04 20:30:00+00:00,2019-11-04 20:35:00+00:00,LONG,TRAIL,2.5966830795600893,1.1777908713777152
2019-11-08 13:25:00+00:00,2019-11-08 13:30:00+00:00,SHORT,TRAIL,3.969532035598176,1.856893846922814
2019-11-11 09:25:00+00:00,2019-11-11 09:35:00+00:00,SHORT,BE,0.0,-0.10532890367007613
2019-11-12 15:20:00+00:00,2019-11-12 15:30:00+00:00,SHORT,SL,-1.0,-0.6228614711308943
2019-11-14 08:00:00+00:00,2019-11-14 08:05:00+00:00,SHORT,SL,-1.0,-0.6920626282580215
2019-11-15 14:30:00+00:00,2019-11-15 14:35:00+00:00,SHORT,BE,0.0,-0.1287154729054248
2019-11-18 17:30:00+00:00,2019-11-18 18:10:00+00:00,SHORT,TRAIL,1.1539289999613773,0.41134436152850373
2019-11-21 09:00:00+00:00,2019-11-21 09:20:00+00:00,SHORT,TRAIL,1.6293148761824074,0.66638609648687
2019-11-21 14:40:00+00:00,2019-11-21 14:55:00+00:00,SHORT,TRAIL,0.8145125887532273,0.2725936130869854
2019-11-22 09:15:00+00:00,2019-11-22 09:20:00+00:00,SHORT,SL,-1.0,-0.5628662237390586
2019-11-22 14:05:00+00:00,2019-11-22 14:10:00+00:00,SHORT,BE,0.0,-0.04546139856758699
2019-11-24 14:45:00+00:00,2019-11-24 14:50:00+00:00,SHORT,TRAIL,0.7735503914358158,0.3082175349536333
2019-11-25 00:25:00+00:00,2019-11-25 00:35:00+00:00,SHORT,SL,-1.0,-0.5650482852355533
2019-11-25 05:20:00+00:00,2019-11-25 06:40:00+00:00,SHORT,SL,-1.0,-0.5491602157293951
2019-11-29 14:15:00+00:00,2019-11-29 16:00:00+00:00,LONG,BE,0.0,-0.06604035778582007
2019-12-04 00:45:00+00:00,2019-12-04 01:00:00+00:00,SHORT,TRAIL,1.9663048841469828,0.8690539308534205
2019-12-12 01:55:00+00:00,2019-12-12 02:00:00+00:00,SHORT,SL,-1.0,-0.6332150462475943
2019-12-14 11:30:00+00:00,2019-12-14 11:35:00+00:00,SHORT,SL,-1.0,-0.7191156804940602
2019-12-14 15:25:00+00:00,2019-12-14 15:30:00+00:00,SHORT,SL,-1.0,-0.6954383155644253
2019-12-16 18:45:00+00:00,2019-12-16 18:50:00+00:00,SHORT,TRAIL,2.642554184705737,1.2139465791371957
2019-12-17 13:45:00+00:00,2019-12-17 13:50:00+00:00,SHORT,TRAIL,1.3708739333416613,0.5509794213759239
2019-12-17 19:30:00+00:00,2019-12-17 19:35:00+00:00,SHORT,SL,-1.0,-0.6133026298505556
2019-12-22 16:15:00+00:00,2019-12-22 16:40:00+00:00,LONG,BE,0.0,-0.168455913649739
2019-12-22 23:40:00+00:00,2019-12-23 00:00:00+00:00,LONG,TRAIL,1.6849224066444228,0.739101500006521
2019-12-26 19:30:00+00:00,2019-12-26 19:40:00+00:00,LONG,SL,-1.0,-0.6286022920230903
2019-12-29 16:15:00+00:00,2019-12-29 16:20:00+00:00,LONG,SL,-1.0,-0.6947102319090693
2019-12-29 20:00:00+00:00,2019-12-29 20:20:00+00:00,LONG,TRAIL,1.631069600434547,0.6379629523297287
2020-01-02 17:00:00+00:00,2020-01-02 17:05:00+00:00,SHORT,TRAIL,4.072549449147381,1.8791319267713569
2020-01-05 01:30:00+00:00,2020-01-05 01:40:00+00:00,LONG,TRAIL,1.4888226855071618,0.6037756581169722
2020-01-06 02:25:00+00:00,2020-01-06 02:55:00+00:00,LONG,TRAIL,0.8055435997726254,0.2791281903706003
2020-01-06 22:45:00+00:00,2020-01-06 23:05:00+00:00,LONG,TRAIL,0.8235228788647991,0.30025204687292983
2020-01-07 18:25:00+00:00,2020-01-07 18:30:00+00:00,LONG,BE,0.0,-0.08922731657955418
2020-01-08 00:00:00+00:00,2020-01-08 00:05:00+00:00,LONG,TRAIL,0.6503896228436834,0.24766743317346773
2020-01-10 23:50:00+00:00,2020-01-11 02:05:00+00:00,LONG,BE,0.0,-0.06951557978297601
2020-01-14 00:45:00+00:00,2020-01-14 00:50:00+00:00,LONG,TRAIL,3.2799178404095115,1.4893767852745896
2020-01-14 04:00:00+00:00,2020-01-14 05:50:00+00:00,LONG,BE,0.0,-0.09054110951351013
2020-01-14 14:15:00+00:00,2020-01-14 14:25:00+00:00,LONG,TRAIL,0.6271540150380343,0.20544658358299211
2020-01-14 17:45:00+00:00,2020-01-14 18:30:00+00:00,LONG,SL,-1.0,-0.5605377764251336
2020-01-19 01:15:00+00:00,2020-01-19 01:30:00+00:00,LONG,TRAIL,2.7099883017421846,1.2311105458377687
2020-01-23 13:35:00+00:00,2020-01-23 19:35:00+00:00,SHORT,TIME,-0.22349877030966986,-0.21064190567202168
2020-01-27 19:00:00+00:00,2020-01-27 19:20:00+00:00,LONG,TRAIL,2.2186292451595278,0.9838861684888718
2020-01-28 00:35:00+00:00,2020-01-28 00:45:00+00:00,LONG,TRAIL,0.6226467510027922,0.20084929836398743
2020-01-28 23:45:00+00:00,2020-01-28 23:55:00+00:00,LONG,TP,2.909090909090894,1.3766831587679824
2020-01-30 17:30:00+00:00,2020-01-30 17:35:00+00:00,LONG,SL,-1.0,-0.5930815131239033
2020-02-03 01:45:00+00:00,2020-02-03 01:55:00+00:00,LONG,BE,0.0,-0.09896040562657767
2020-02-05 12:15:00+00:00,2020-02-05 14:10:00+00:00,LONG,BE,0.0,-0.12906094426032258
2020-02-05 18:00:00+00:00,2020-02-05 18:05:00+00:00,LONG,BE,0.0,-0.13424143539654368
2020-02-09 04:00:00+00:00,2020-02-09 04:10:00+00:00,LONG,TRAIL,1.2143123545822891,0.46187256189160925
2020-02-24 18:00:00+00:00,2020-02-24 18:10:00+00:00,SHORT,BE,0.0,-0.11186334554016318
2020-02-25 16:00:00+00:00,2020-02-25 16:05:00+00:00,SHORT,SL,-1.0,-0.5887896648290656
2020-02-26 14:20:00+00:00,2020-02-26 14:25:00+00:00,SHORT,SL,-1.0,-0.5710603386387938
2020-02-28 12:35:00+00:00,2020-02-28 12:40:00+00:00,SHORT,SL,-1.0,-0.5715633701190408
2020-03-08 15:15:00+00:00,2020-03-08 15:25:00+00:00,SHORT,TRAIL,0.7573551918203891,0.2679879098943508
2020-03-08 23:40:00+00:00,2020-03-08 23:45:00+00:00,SHORT,TRAIL,0.9764123301777029,0.3984242415617849
2020-03-09 04:10:00+00:00,2020-03-09 04:15:00+00:00,SHORT,TRAIL,0.6597034935672543,0.26009521748242076
2020-03-12 07:15:00+00:00,2020-03-12 08:15:00+00:00,SHORT,TRAIL,0.6380754396674425,0.2639653059634296
2020-03-12 23:20:00+00:00,2020-03-12 23:25:00+00:00,SHORT,TRAIL,2.01255861544951,0.9908020527465251
2020-03-16 10:15:00+00:00,2020-03-16 10:55:00+00:00,SHORT,TRAIL,1.4791939200978497,0.7178910893090706
2020-04-01 23:45:00+00:00,2020-04-02 00:00:00+00:00,LONG,TRAIL,0.899291250162327,0.3938861374791659
2020-04-02 16:15:00+00:00,2020-04-02 17:00:00+00:00,LONG,TRAIL,6.347450724864157,3.1081672493609553
2020-04-06 06:30:00+00:00,2020-04-06 06:40:00+00:00,LONG,TRAIL,0.8908891163535467,0.3566203271971615
2020-04-16 00:15:00+00:00,2020-04-16 00:20:00+00:00,SHORT,TRAIL,1.2797667364581997,0.5421125450434459
2020-04-18 14:00:00+00:00,2020-04-18 15:05:00+00:00,LONG,BE,0.0,-0.11707484984623936
2020-04-23 13:45:00+00:00,2020-04-23 14:00:00+00:00,LONG,TRAIL,1.7871731115239229,0.7783886893959749
2020-04-27 00:15:00+00:00,2020-04-27 00:35:00+00:00,LONG,BE,0.0,-0.11795018248316433
2020-04-29 02:30:00+00:00,2020-04-29 03:55:00+00:00,LONG,TRAIL,0.7092108213925431,0.21910685342427536
2020-04-29 10:15:00+00:00,2020-04-29 10:25:00+00:00,LONG,TRAIL,3.125433860812565,1.4492346854476614
2020-04-29 16:05:00+00:00,2020-04-29 16:25:00+00:00,LONG,BE,0.0,-0.0842076026571102
2020-04-30 03:30:00+00:00,2020-04-30 03:35:00+00:00,LONG,TRAIL,0.7771647954296582,0.3313536904564952
2020-05-03 01:00:00+00:00,2020-05-03 01:30:00+00:00,LONG,SL,-1.0,-0.5992186883471469
2020-05-06 12:00:00+00:00,2020-05-06 12:15:00+00:00,LONG,SL,-1.0,-0.585209716767231
2020-05-07 17:00:00+00:00,2020-05-07 17:05:00+00:00,LONG,BE,0.0,-0.07876122033367841
2020-05-07 23:30:00+00:00,2020-05-08 00:00:00+00:00,LONG,SL,-1.0,-0.5648322537081797
2020-05-11 18:15:00+00:00,2020-05-11 18:25:00+00:00,SHORT,SL,-1.0,-0.5323419134582222
2020-05-14 09:50:00+00:00,2020-05-14 10:00:00+00:00,LONG,TRAIL,1.0442861428549364,0.4446451423915295
2020-05-18 01:30:00+00:00,2020-05-18 02:25:00+00:00,LONG,SL,-1.0,-0.5890177336553779
2020-05-21 18:05:00+00:00,2020-05-21 18:10:00+00:00,SHORT,SL,-1.0,-0.5701157954837371
2020-05-24 13:45:00+00:00,2020-05-24 14:00:00+00:00,SHORT,TRAIL,0.6012179638864629,0.17536972959784097
2020-05-24 23:30:00+00:00,2020-05-24 23:35:00+00:00,SHORT,TRAIL,2.007196035481466,0.9084235996369552
2020-05-30 22:45:00+00:00,2020-05-30 22:55:00+00:00,LONG,TRAIL,1.1619312751641235,0.4793437043976465
2020-06-01 23:15:00+00:00,2020-06-01 23:20:00+00:00,LONG,TP,2.909090909090876,1.3900053666382979
2020-06-04 15:55:00+00:00,2020-06-04 16:00:00+00:00,LONG,BE,0.0,-0.11675679665081093
2020-06-09 00:15:00+00:00,2020-06-09 00:20:00+00:00,LONG,SL,-1.0,-0.6251740405736902
2020-06-10 18:45:00+00:00,2020-06-10 18:50:00+00:00,LONG,TRAIL,2.7966870892077313,1.2459017689558627
2020-06-14 22:15:00+00:00,2020-06-14 22:25:00+00:00,SHORT,TRAIL,0.9074261032135011,0.2696924326882405
2020-06-15 03:25:00+00:00,2020-06-15 03:40:00+00:00,SHORT,TRAIL,0.8074693157779784,0.2856278427213199
2020-06-17 20:00:00+00:00,2020-06-17 20:05:00+00:00,SHORT,TRAIL,2.023387655900003,0.8640779324480072
2020-06-18 21:15:00+00:00,2020-06-18 21:20:00+00:00,SHORT,SL,-1.0,-0.6495539084755396
2020-06-22 21:00:00+00:00,2020-06-22 21:05:00+00:00,LONG,TRAIL,2.512666858980142,1.0826759731723798
2020-06-25 03:45:00+00:00,2020-06-25 03:50:00+00:00,SHORT,SL,-1.0,-0.6071280022050505
2020-06-26 14:35:00+00:00,2020-06-26 15:00:00+00:00,SHORT,SL,-1.0,-0.6155081830687017
2020-06-27 19:45:00+00:00,2020-06-27 19:50:00+00:00,SHORT,TRAIL,5.240262908369846,2.479569043894614
2020-07-02 16:35:00+00:00,2020-07-02 16:40:00+00:00,SHORT,BE,0.0,-0.1252651259158304
2020-07-05 10:00:00+00:00,2020-07-05 12:25:00+00:00,SHORT,BE,0.0,-0.26080094490501526
2020-07-05 21:30:00+00:00,2020-07-05 21:35:00+00:00,SHORT,SL,-1.0,-0.7223081975435903
2020-07-08 14:00:00+00:00,2020-07-08 14:05:00+00:00,LONG,TRAIL,2.0113999555920525,0.8300821714689985
2020-07-15 19:00:00+00:00,2020-07-15 19:30:00+00:00,SHORT,SL,-1.0,-0.7606824615791425
2020-07-16 09:15:00+00:00,2020-07-16 09:20:00+00:00,SHORT,SL,-1.0,-0.706824271817872
2020-07-21 12:15:00+00:00,2020-07-21 12:20:00+00:00,LONG,SL,-1.0,-0.7332076776171393
2020-07-22 22:45:00+00:00,2020-07-22 22:55:00+00:00,LONG,TRAIL,1.938424951603652,0.7691458646223988
2020-07-23 16:55:00+00:00,2020-07-23 17:00:00+00:00,LONG,TRAIL,1.3781433350263403,0.5010865377857137
2020-07-26 10:00:00+00:00,2020-07-26 10:05:00+00:00,LONG,TRAIL,16.199408311107305,7.911733347948136
2020-07-27 03:50:00+00:00,2020-07-27 03:55:00+00:00,LONG,SL,-1.0,-0.6187038540954545
2020-07-27 13:55:00+00:00,2020-07-27 14:05:00+00:00,LONG,SL,-1.0,-0.5914402350446512
2020-07-27 17:20:00+00:00,2020-07-27 19:35:00+00:00,LONG,SL,-1.0,-0.5497762356975838
2020-07-31 15:45:00+00:00,2020-07-31 16:00:00+00:00,LONG,TRAIL,0.6175564200060928,0.19547774801908943
2020-08-01 06:00:00+00:00,2020-08-01 06:20:00+00:00,LONG,TRAIL,1.162325988238903,0.49238567464312893
2020-08-05 13:25:00+00:00,2020-08-05 13:45:00+00:00,LONG,SL,-1.0,-0.6182819118364614
2020-08-10 02:15:00+00:00,2020-08-10 02:30:00+00:00,LONG,TRAIL,2.30032350692303,1.0359037465527465
2020-08-17 13:30:00+00:00,2020-08-17 13:35:00+00:00,LONG,TRAIL,0.8445490609376396,0.3252130585925975
2020-08-21 21:15:00+00:00,2020-08-21 21:35:00+00:00,SHORT,BE,0.0,-0.13810303702120894
2020-08-25 08:30:00+00:00,2020-08-25 08:35:00+00:00,SHORT,SL,-1.0,-0.6852952826928509
2020-08-25 12:15:00+00:00,2020-08-25 12:30:00+00:00,SHORT,BE,0.0,-0.1750718293097133
2020-08-25 16:55:00+00:00,2020-08-25 17:45:00+00:00,SHORT,TRAIL,1.7545089730442598,0.7549877161186546
2020-08-27 17:00:00+00:00,2020-08-27 17:05:00+00:00,SHORT,BE,0.0,-0.10213476759842934
2020-08-31 13:15:00+00:00,2020-08-31 13:35:00+00:00,LONG,BE,0.0,-0.18186859719977944
2020-09-01 06:25:00+00:00,2020-09-01 07:05:00+00:00,LONG,TRAIL,1.8162644440805813,0.7442596155298797
2020-09-01 16:00:00+00:00,2020-09-01 17:10:00+00:00,LONG,SL,-1.0,-0.6376066516812257
2020-09-03 12:15:00+00:00,2020-09-03 12:25:00+00:00,SHORT,TRAIL,5.2970871930604835,2.577357937722721
2020-09-03 15:35:00+00:00,2020-09-03 15:40:00+00:00,SHORT,SL,-1.0,-0.558503593175412
2020-09-03 23:30:00+00:00,2020-09-03 23:35:00+00:00,SHORT,TRAIL,2.3292869186694602,1.114626477520788
2020-09-05 18:50:00+00:00,2020-09-05 18:55:00+00:00,SHORT,SL,-1.0,-0.5517417448115771
2020-09-07 12:15:00+00:00,2020-09-07 12:20:00+00:00,SHORT,SL,-1.0,-0.5882577125967117
2020-09-15 11:05:00+00:00,2020-09-15 11:20:00+00:00,LONG,SL,-1.0,-0.6154150079471448
2020-09-19 12:00:00+00:00,2020-09-19 12:05:00+00:00,LONG,TRAIL,0.7018877128274299,0.18913692137502267
2020-09-23 19:15:00+00:00,2020-09-23 19:25:00+00:00,SHORT,TRAIL,1.4012551478871063,0.5381914934753724
2020-09-28 00:15:00+00:00,2020-09-28 00:40:00+00:00,LONG,TRAIL,1.6245787933514035,0.6692545658130664
2020-10-08 09:00:00+00:00,2020-10-08 09:05:00+00:00,SHORT,SL,-1.0,-0.7411365731999855
2020-10-08 15:00:00+00:00,2020-10-08 15:25:00+00:00,LONG,SL,-1.0,-0.6200796551157874
2020-10-10 02:15:00+00:00,2020-10-10 02:20:00+00:00,LONG,TRAIL,6.648709725398471,3.1899185799279897
2020-10-12 13:45:00+00:00,2020-10-12 13:50:00+00:00,LONG,TRAIL,0.6748949439736914,0.1832527155661323
2020-10-15 19:10:00+00:00,2020-10-15 19:15:00+00:00,LONG,SL,-1.0,-0.6657723978148161
2020-10-19 13:15:00+00:00,2020-10-19 13:25:00+00:00,LONG,TRAIL,2.2954757740914813,0.9719479820219659
2020-10-20 14:20:00+00:00,2020-10-20 14:25:00+00:00,LONG,SL,-1.0,-0.6118428942518414
2020-10-20 17:45:00+00:00,2020-10-20 17:50:00+00:00,LONG,SL,-1.0,-0.6110378509126303
2020-10-21 13:50:00+00:00,2020-10-21 14:20:00+00:00,LONG,TRAIL,5.293440816489667,2.544987916321687
2020-10-21 22:15:00+00:00,2020-10-21 22:20:00+00:00,LONG,SL,-1.0,-0.5845540870603095
2020-10-24 15:00:00+00:00,2020-10-24 15:10:00+00:00,LONG,SL,-1.0,-0.6342993831765915
2020-10-26 14:00:00+00:00,2020-10-26 14:30:00+00:00,LONG,SL,-1.0,-0.6523816647293943
2020-10-27 15:45:00+00:00,2020-10-27 15:55:00+00:00,LONG,TRAIL,0.6315593239921842,0.2072394616582764
2020-10-31 10:00:00+00:00,2020-10-31 10:05:00+00:00,LONG,TRAIL,2.226751935565198,1.0238879400475123
2020-11-05 12:45:00+00:00,2020-11-05 13:35:00+00:00,LONG,BE,0.0,-0.07849050098869399
2020-11-05 22:30:00+00:00,2020-11-05 23:10:00+00:00,LONG,TRAIL,1.6296659469111388,0.7519898646662458
2020-11-11 17:45:00+00:00,2020-11-11 17:50:00+00:00,LONG,SL,-1.0,-0.5997853250719553
2020-11-16 16:15:00+00:00,2020-11-16 16:20:00+00:00,LONG,TRAIL,0.7632474052403228,0.26374296657672197
2020-11-16 19:30:00+00:00,2020-11-16 21:45:00+00:00,LONG,SL,-1.0,-0.6075952985163616
2020-11-17 15:30:00+00:00,2020-11-17 15:55:00+00:00,LONG,TRAIL,0.645455577970569,0.2220290728158831
2020-11-18 04:30:00+00:00,2020-11-18 04:45:00+00:00,LONG,TRAIL,0.9567191465903142,0.4024817765670664
2020-11-24 09:45:00+00:00,2020-11-24 10:05:00+00:00,LONG,BE,0.0,-0.06990412884604341
2020-11-24 15:00:00+00:00,2020-11-24 16:25:00+00:00,LONG,SL,-1.0,-0.5647370466195657
2020-11-30 14:00:00+00:00,2020-11-30 14:05:00+00:00,LONG,TRAIL,1.5145739452070393,0.6707532556497182
2020-12-09 01:10:00+00:00,2020-12-09 01:15:00+00:00,SHORT,SL,-1.0,-0.5731372459208871
2020-12-09 08:30:00+00:00,2020-12-09 08:35:00+00:00,SHORT,BE,0.0,-0.07463535609689914
2020-12-10 15:15:00+00:00,2020-12-10 15:45:00+00:00,SHORT,SL,-1.0,-0.5866194260782646
2020-12-11 03:10:00+00:00,2020-12-11 03:15:00+00:00,SHORT,SL,-1.0,-0.5782634218887603
2020-12-16 13:40:00+00:00,2020-12-16 13:45:00+00:00,LONG,TRAIL,4.8630185374584896,2.3235777284517383
2020-12-16 22:00:00+00:00,2020-12-16 22:15:00+00:00,LONG,TRAIL,1.728566906958124,0.7851338035797144
2020-12-17 02:40:00+00:00,2020-12-17 03:20:00+00:00,LONG,BE,0.0,-0.06529503729379581
2020-12-17 08:00:00+00:00,2020-12-17 08:15:00+00:00,LONG,TRAIL,0.9961930285574776,0.4340871872814476
2020-12-19 16:00:00+00:00,2020-12-19 16:10:00+00:00,LONG,BE,0.0,-0.07108817607518285
2020-12-23 13:20:00+00:00,2020-12-23 13:25:00+00:00,LONG,SL,-1.0,-0.5549703360669611
2020-12-25 11:30:00+00:00,2020-12-25 11:35:00+00:00,LONG,TRAIL,2.6979239525152754,1.2650466708283674
2020-12-26 20:45:00+00:00,2020-12-26 20:55:00+00:00,LONG,TRAIL,0.9680879433313168,0.4151446316505671
2021-01-02 12:45:00+00:00,2021-01-02 13:15:00+00:00,LONG,TRAIL,0.9298729948554921,0.3890384718212631
2021-01-02 16:30:00+00:00,2021-01-02 16:40:00+00:00,LONG,TRAIL,0.7482838359292041,0.3220316717939499
2021-01-06 21:00:00+00:00,2021-01-07 00:00:00+00:00,LONG,TRAIL,0.9077986525331969,0.4170163769405915
2021-01-21 10:10:00+00:00,2021-01-21 10:30:00+00:00,SHORT,SL,-1.0,-0.5393810173427461
2021-01-21 14:40:00+00:00,2021-01-21 14:45:00+00:00,SHORT,SL,-1.0,-0.5307215088353379
2021-01-22 00:30:00+00:00,2021-01-22 01:30:00+00:00,SHORT,BE,0.0,-0.026523643136437798
2021-02-06 03:15:00+00:00,2021-02-06 03:25:00+00:00,LONG,SL,-1.0,-0.5528265662376723
2021-02-08 13:00:00+00:00,2021-02-08 13:05:00+00:00,LONG,TRAIL,3.507851345722459,1.7145840301022828
2021-02-08 23:10:00+00:00,2021-02-08 23:25:00+00:00,LONG,TRAIL,2.0521111944698274,0.9829425841281976
2021-02-16 12:30:00+00:00,2021-02-16 12:35:00+00:00,LONG,SL,-1.0,-0.5595698787085526
2021-02-19 16:30:00+00:00,2021-02-19 16:50:00+00:00,LONG,TRAIL,0.6653307892715343,0.25627362034593937
2021-02-19 21:10:00+00:00,2021-02-19 21:45:00+00:00,LONG,SL,-1.0,-0.5578230122462987
2021-02-25 23:45:00+00:00,2021-02-26 00:50:00+00:00,SHORT,TRAIL,0.8311925142904825,0.3774913729288151
2021-02-26 07:45:00+00:00,2021-02-26 08:00:00+00:00,SHORT,SL,-1.0,-0.5306079628880891
2021-02-28 06:10:00+00:00,2021-02-28 06:15:00+00:00,SHORT,SL,-1.0,-0.5404868247884707
2021-03-22 21:00:00+00:00,2021-03-22 22:00:00+00:00,SHORT,TRAIL,0.6309973368938219,0.26135502496331264
2021-03-24 22:15:00+00:00,2021-03-24 22:20:00+00:00,SHORT,TRAIL,0.9682917926754375,0.4262098353722935
2021-03-29 09:45:00+00:00,2021-03-29 09:55:00+00:00,LONG,TRAIL,0.6713230782295802,0.25010703172133875
2021-04-10 04:30:00+00:00,2021-04-10 04:55:00+00:00,LONG,TRAIL,1.708740556779754,0.7725127703516632
2021-04-13 08:15:00+00:00,2021-04-13 08:20:00+00:00,LONG,TRAIL,2.2633167900872992,1.0359602150152274
2021-04-18 03:10:00+00:00,2021-04-18 03:15:00+00:00,SHORT,TRAIL,1.1864598308167262,0.5195291162017146
2021-04-19 15:45:00+00:00,2021-04-19 16:00:00+00:00,SHORT,SL,-1.0,-0.5547713481763795
2021-04-22 00:15:00+00:00,2021-04-22 00:20:00+00:00,SHORT,SL,-1.0,-0.5628744172372944
2021-04-22 20:45:00+00:00,2021-04-22 21:05:00+00:00,SHORT,TRAIL,1.3588608676077187,0.6312529524105756
2021-04-23 01:45:00+00:00,2021-04-23 01:50:00+00:00,SHORT,BE,0.0,-0.042304056899889045
2021-04-23 07:40:00+00:00,2021-04-23 08:55:00+00:00,SHORT,SL,-1.0,-0.5360347568776039
2021-04-25 21:30:00+00:00,2021-04-25 21:40:00+00:00,SHORT,TRAIL,0.9299896690643263,0.39986842693619495
2021-04-30 15:30:00+00:00,2021-04-30 15:50:00+00:00,LONG,TRAIL,0.8273046637933034,0.33086037226595166
2021-05-12 16:00:00+00:00,2021-05-12 16:05:00+00:00,SHORT,SL,-1.0,-0.5722710873089029
2021-05-12 22:15:00+00:00,2021-05-12 22:30:00+00:00,SHORT,TRAIL,0.7580038257293815,0.33447404760696053
2021-05-15 10:25:00+00:00,2021-05-15 10:50:00+00:00,SHORT,SL,-1.0,-0.5537924997377938
2021-05-16 18:30:00+00:00,2021-05-16 18:35:00+00:00,SHORT,SL,-1.0,-0.5454853043096409
2021-05-17 03:20:00+00:00,2021-05-17 04:00:00+00:00,SHORT,TRAIL,0.8497125424186188,0.38795762201957246
2021-05-19 02:15:00+00:00,2021-05-19 04:20:00+00:00,SHORT,TRAIL,0.762562544610696,0.34571109918580295
2021-05-19 12:45:00+00:00,2021-05-19 12:50:00+00:00,SHORT,TRAIL,3.3981987164744774,1.6768335716217075
2021-05-21 15:00:00+00:00,2021-05-21 15:05:00+00:00,SHORT,SL,-1.0,-0.5215683174768794
2021-05-21 21:15:00+00:00,2021-05-21 21:20:00+00:00,SHORT,BE,0.0,-0.020752907884170113
2021-05-23 12:45:00+00:00,2021-05-23 12:50:00+00:00,SHORT,SL,-1.0,-0.5228260691961667
2021-05-23 16:10:00+00:00,2021-05-23 16:50:00+00:00,SHORT,BE,0.0,-0.021556669319967373
2021-05-28 09:00:00+00:00,2021-05-28 09:35:00+00:00,SHORT,TRAIL,0.732072665334547,0.327187152121272
2021-06-07 21:00:00+00:00,2021-06-07 21:10:00+00:00,SHORT,TRAIL,1.8227940993654261,0.8532944630743141
2021-06-08 02:40:00+00:00,2021-06-08 02:45:00+00:00,SHORT,TRAIL,0.7463014556456762,0.32428663553116843
2021-06-13 20:15:00+00:00,2021-06-13 20:50:00+00:00,LONG,TP,2.909090909090904,1.3996630469589588
2021-06-14 01:30:00+00:00,2021-06-14 01:45:00+00:00,LONG,SL,-1.0,-0.5664629591349861
2021-06-18 18:45:00+00:00,2021-06-18 20:15:00+00:00,SHORT,SL,-1.0,-0.5584399413727539
2021-06-20 10:30:00+00:00,2021-06-20 10:40:00+00:00,SHORT,SL,-1.0,-0.5588097688579943
2021-06-21 06:30:00+00:00,2021-06-21 06:40:00+00:00,SHORT,TRAIL,0.779346109778398,0.3503278299041041
2021-06-21 11:20:00+00:00,2021-06-21 11:35:00+00:00,SHORT,SL,-1.0,-0.5294030388955548
2021-06-22 13:50:00+00:00,2021-06-22 13:55:00+00:00,SHORT,SL,-1.0,-0.5259846461541342
2021-06-25 15:05:00+00:00,2021-06-25 15:30:00+00:00,SHORT,SL,-1.0,-0.5491674977386127
2021-07-08 07:40:00+00:00,2021-07-08 07:55:00+00:00,SHORT,TRAIL,0.8697390208052048,0.35526564179659104
2021-07-12 19:30:00+00:00,2021-07-12 19:35:00+00:00,SHORT,SL,-1.0,-0.5943038750033683
2021-07-14 03:30:00+00:00,2021-07-14 04:10:00+00:00,SHORT,TRAIL,0.8167548364307585,0.3239476715227229
2021-07-15 13:25:00+00:00,2021-07-15 13:30:00+00:00,SHORT,SL,-1.0,-0.5840678210526132
2021-07-19 12:45:00+00:00,2021-07-19 13:00:00+00:00,SHORT,TRAIL,1.4437461954694042,0.6292920530396774
2021-07-20 03:30:00+00:00,2021-07-20 03:35:00+00:00,SHORT,TRAIL,1.2257117995848918,0.5355935719909188
2021-07-23 23:30:00+00:00,2021-07-24 00:00:00+00:00,LONG,TRAIL,1.2837492470945995,0.5409478532196705
2021-07-26 00:15:00+00:00,2021-07-26 00:50:00+00:00,LONG,TRAIL,2.4209364876495463,1.128244791222449
2021-07-30 23:50:00+00:00,2021-07-31 00:00:00+00:00,LONG,BE,0.0,-0.06373798573152205
2021-08-05 18:00:00+00:00,2021-08-05 19:35:00+00:00,LONG,TRAIL,0.7964759668791948,0.34465419231187017
2021-08-23 03:40:00+00:00,2021-08-23 03:45:00+00:00,LONG,SL,-1.0,-0.6035722375809218
2021-08-29 01:00:00+00:00,2021-08-29 01:35:00+00:00,LONG,BE,0.0,-0.12875578390550518
2021-09-03 12:30:00+00:00,2021-09-03 14:35:00+00:00,LONG,SL,-1.0,-0.585312165116856
2021-09-05 21:00:00+00:00,2021-09-05 21:20:00+00:00,LONG,TRAIL,1.6448328249545665,0.7104342962713315
2021-09-06 23:30:00+00:00,2021-09-07 00:00:00+00:00,LONG,SL,-1.0,-0.6245045248288511
2021-09-10 14:25:00+00:00,2021-09-10 14:35:00+00:00,SHORT,BE,0.0,-0.07640536474086962
2021-09-13 03:55:00+00:00,2021-09-13 05:15:00+00:00,SHORT,BE,0.0,-0.08319918219333404
2021-09-20 07:45:00+00:00,2021-09-20 10:10:00+00:00,SHORT,TRAIL,0.6228418081945066,0.23543872413445613
2021-09-21 00:15:00+00:00,2021-09-21 00:20:00+00:00,SHORT,TRAIL,3.363142010297203,1.6341828067250026
2021-09-21 21:15:00+00:00,2021-09-21 21:20:00+00:00,SHORT,SL,-1.0,-0.5420546735654642
2021-09-28 14:15:00+00:00,2021-09-28 18:45:00+00:00,SHORT,SL,-1.0,-0.5623525621203797
2021-10-01 10:30:00+00:00,2021-10-01 10:35:00+00:00,LONG,TP,2.909090909090894,1.392073811005468
2021-10-03 18:00:00+00:00,2021-10-03 18:05:00+00:00,LONG,TRAIL,2.464494420994564,1.118224346645055
2021-10-04 17:50:00+00:00,2021-10-04 18:00:00+00:00,LONG,SL,-1.0,-0.5704044542787758
2021-10-05 00:45:00+00:00,2021-10-05 01:05:00+00:00,LONG,SL,-1.0,-0.5749130574321248
2021-10-06 12:30:00+00:00,2021-10-06 12:40:00+00:00,LONG,TRAIL,0.6285079112450092,0.23464986477331243
2021-10-10 05:00:00+00:00,2021-10-10 05:20:00+00:00,LONG,SL,-1.0,-0.5982406712076798
2021-10-15 02:30:00+00:00,2021-10-15 03:10:00+00:00,LONG,TRAIL,1.0030255787785833,0.41613730000210103
2021-10-15 17:05:00+00:00,2021-10-15 17:25:00+00:00,LONG,SL,-1.0,-0.5796221780880941
2021-10-15 20:30:00+00:00,2021-10-15 21:20:00+00:00,LONG,SL,-1.0,-0.5626351028195489
2021-10-18 00:25:00+00:00,2021-10-18 03:40:00+00:00,LONG,BE,0.0,-0.07572826618217131
2021-10-20 14:00:00+00:00,2021-10-20 14:30:00+00:00,LONG,BE,0.0,-0.08574261226400778
2021-10-27 08:15:00+00:00,2021-10-27 08:25:00+00:00,SHORT,TRAIL,1.3070011324578716,0.5869200946588836
2021-11-01 03:55:00+00:00,2021-11-01 04:00:00+00:00,SHORT,BE,0.0,-0.09021443864736814
2021-11-08 00:15:00+00:00,2021-11-08 00:20:00+00:00,LONG,TRAIL,3.150999742352005,1.4531309080928223
2021-11-08 06:30:00+00:00,2021-11-08 07:15:00+00:00,LONG,BE,0.0,-0.11181645288667905
2021-11-10 14:00:00+00:00,2021-11-10 14:10:00+00:00,LONG,BE,0.0,-0.0929076761175794
2021-11-15 00:00:00+00:00,2021-11-15 00:10:00+00:00,LONG,TRAIL,0.9450019611403974,0.3584131841424832
2021-11-16 03:25:00+00:00,2021-11-16 03:30:00+00:00,SHORT,SL,-1.0,-0.5703556626379636
2021-11-16 10:00:00+00:00,2021-11-16 10:05:00+00:00,SHORT,TRAIL,1.786919009856615,0.824279339141627
2021-11-18 15:15:00+00:00,2021-11-18 15:25:00+00:00,SHORT,TRAIL,1.4125916089369848,0.6321296687899064
2021-11-22 02:30:00+00:00,2021-11-22 03:30:00+00:00,SHORT,BE,0.0,-0.0970083836326958
2021-11-22 19:25:00+00:00,2021-11-22 21:30:00+00:00,SHORT,BE,0.0,-0.0717964512604425
2021-11-26 11:05:00+00:00,2021-11-26 11:20:00+00:00,SHORT,SL,-1.0,-0.555667358546018
2021-11-30 15:15:00+00:00,2021-11-30 15:20:00+00:00,LONG,SL,-1.0,-0.5808808931295387
2021-12-03 16:15:00+00:00,2021-12-03 17:00:00+00:00,SHORT,TRAIL,1.790396283710316,0.8117363604773408
2021-12-03 20:15:00+00:00,2021-12-03 20:20:00+00:00,SHORT,TRAIL,2.5977218753542966,1.234508224761385
2021-12-04 05:00:00+00:00,2021-12-04 05:05:00+00:00,SHORT,TRAIL,2.183618668421163,1.051824150086591
2021-12-06 09:35:00+00:00,2021-12-06 11:40:00+00:00,SHORT,SL,-1.0,-0.555875799913107
2021-12-13 16:25:00+00:00,2021-12-13 16:45:00+00:00,SHORT,SL,-1.0,-0.5734031037337304
2021-12-17 14:45:00+00:00,2021-12-17 15:00:00+00:00,SHORT,TRAIL,1.890032897005129,0.864091763825026
2021-12-23 18:00:00+00:00,2021-12-23 18:15:00+00:00,LONG,TRAIL,1.2912377223681892,0.5402270420824592
2021-12-29 23:30:00+00:00,2021-12-29 23:45:00+00:00,SHORT,BE,0.0,-0.0809315435882283
2021-12-31 20:00:00+00:00,2021-12-31 20:05:00+00:00,SHORT,SL,-1.0,-0.5838703598606907
2022-01-03 16:30:00+00:00,2022-01-03 17:25:00+00:00,SHORT,SL,-1.0,-0.6090872131542204
2022-01-03 20:30:00+00:00,2022-01-03 20:50:00+00:00,SHORT,TRAIL,0.632442326912161,0.2172579594616669
2022-01-05 19:45:00+00:00,2022-01-05 19:50:00+00:00,SHORT,TRAIL,1.4635577886517872,0.6561817221223799
2022-01-07 15:50:00+00:00,2022-01-07 15:55:00+00:00,SHORT,SL,-1.0,-0.5624129355205265
2022-01-10 14:30:00+00:00,2022-01-10 14:40:00+00:00,SHORT,TRAIL,1.9538840940512494,0.8982473140044724
2022-01-17 17:30:00+00:00,2022-01-17 17:45:00+00:00,SHORT,SL,-1.0,-0.6095086819730093
2022-01-21 00:00:00+00:00,2022-01-21 00:15:00+00:00,SHORT,SL,-1.0,-0.5654278749806084
2022-01-21 03:30:00+00:00,2022-01-21 03:35:00+00:00,SHORT,BE,0.0,-0.04236086684290902
2022-01-21 22:00:00+00:00,2022-01-21 22:40:00+00:00,SHORT,TRAIL,0.6773934855321612,0.2997628856835397
2022-01-24 10:15:00+00:00,2022-01-24 10:20:00+00:00,SHORT,TRAIL,1.3324219701447717,0.6127753204802793
2022-01-31 19:15:00+00:00,2022-01-31 19:30:00+00:00,LONG,SL,-1.0,-0.589571007795081
2022-02-01 16:55:00+00:00,2022-02-01 17:00:00+00:00,LONG,SL,-1.0,-0.5746530937923229
2022-02-05 00:40:00+00:00,2022-02-05 00:45:00+00:00,LONG,SL,-1.0,-0.5811013276278028
2022-02-06 23:40:00+00:00,2022-02-07 00:00:00+00:00,LONG,SL,-1.0,-0.6054767986053479
2022-02-07 03:25:00+00:00,2022-02-07 05:25:00+00:00,LONG,BE,0.0,-0.0875602172348226
2022-02-07 16:00:00+00:00,2022-02-07 16:10:00+00:00,LONG,SL,-1.0,-0.5905839098904446
2022-02-10 15:40:00+00:00,2022-02-10 15:50:00+00:00,LONG,SL,-1.0,-0.5523841477061538
2022-02-18 16:05:00+00:00,2022-02-18 16:10:00+00:00,SHORT,SL,-1.0,-0.560939299350863
2022-02-20 06:15:00+00:00,2022-02-20 06:35:00+00:00,SHORT,TRAIL,1.4094732238210028,0.5971840427371438
2022-02-21 11:45:00+00:00,2022-02-21 11:55:00+00:00,SHORT,TRAIL,1.2529372509637655,0.5455818624692742
2022-02-21 21:55:00+00:00,2022-02-21 22:10:00+00:00,SHORT,SL,-1.0,-0.5526067881172618
2022-02-24 00:40:00+00:00,2022-02-24 02:55:00+00:00,SHORT,TRAIL,3.20262045735208,1.5267727603796324
2022-02-27 21:15:00+00:00,2022-02-27 21:30:00+00:00,SHORT,SL,-1.0,-0.5614253015572683
2022-02-28 22:45:00+00:00,2022-02-28 22:50:00+00:00,LONG,TRAIL,2.339166469767123,1.122588572985313
2022-03-06 09:50:00+00:00,2022-03-06 10:00:00+00:00,SHORT,TRAIL,1.566336309689843,0.6785280898612467
2022-03-07 02:45:00+00:00,2022-03-07 05:15:00+00:00,SHORT,SL,-1.0,-0.5751174411508115
2022-03-07 19:30:00+00:00,2022-03-07 20:25:00+00:00,SHORT,SL,-1.0,-0.5632865401548486
2022-03-13 23:00:00+00:00,2022-03-13 23:20:00+00:00,SHORT,TRAIL,1.696946974783775,0.7536910587209447
2022-03-18 16:15:00+00:00,2022-03-18 17:00:00+00:00,LONG,TRAIL,1.5789981015696637,0.6780048815794589
2022-03-22 04:30:00+00:00,2022-03-22 04:40:00+00:00,LONG,TRAIL,1.1460575646957705,0.4960238291428956
2022-03-24 15:15:00+00:00,2022-03-24 16:25:00+00:00,LONG,TRAIL,0.7588778560121747,0.27961250186741676
2022-03-27 02:15:00+00:00,2022-03-27 02:35:00+00:00,LONG,SL,-1.0,-0.672297190768417
2022-03-27 16:35:00+00:00,2022-03-27 16:40:00+00:00,LONG,SL,-1.0,-0.6763896005838814
2022-03-27 20:45:00+00:00,2022-03-27 20:50:00+00:00,LONG,TP,2.9090909090909136,1.3629021286161724
2022-03-28 00:30:00+00:00,2022-03-28 00:45:00+00:00,LONG,SL,-1.0,-0.5890128600788233
2022-04-03 22:15:00+00:00,2022-04-03 22:20:00+00:00,LONG,TRAIL,0.8606011564073155,0.30597077362058284
2022-04-06 14:00:00+00:00,2022-04-06 14:05:00+00:00,SHORT,TRAIL,1.1446253769422325,0.4814788642150455
2022-04-06 18:20:00+00:00,2022-04-06 18:25:00+00:00,SHORT,SL,-1.0,-0.5806041027502518
2022-04-08 18:10:00+00:00,2022-04-08 18:45:00+00:00,SHORT,SL,-1.0,-0.5905260652797749
2022-04-08 23:00:00+00:00,2022-04-09 00:55:00+00:00,SHORT,SL,-1.0,-0.5822857190497188
2022-04-11 00:20:00+00:00,2022-04-11 00:25:00+00:00,SHORT,SL,-1.0,-0.5991974541789515
2022-04-11 11:30:00+00:00,2022-04-11 11:40:00+00:00,SHORT,SL,-1.0,-0.6053161711410069
2022-04-11 15:55:00+00:00,2022-04-11 16:15:00+00:00,SHORT,SL,-1.0,-0.5944177131215468
2022-04-11 19:30:00+00:00,2022-04-11 20:00:00+00:00,SHORT,BE,0.0,-0.08016064467859012
2022-04-16 15:50:00+00:00,2022-04-16 16:10:00+00:00,SHORT,SL,-1.0,-0.6644238176178434
2022-04-17 18:15:00+00:00,2022-04-17 18:40:00+00:00,SHORT,SL,-1.0,-0.6622425114621545
2022-04-17 23:20:00+00:00,2022-04-17 23:30:00+00:00,SHORT,BE,0.0,-0.14417919915570887
2022-04-18 04:30:00+00:00,2022-04-18 04:40:00+00:00,SHORT,TRAIL,2.1136420920863976,0.9524041020031511
2022-04-20 11:45:00+00:00,2022-04-20 13:30:00+00:00,LONG,SL,-1.0,-0.6365925459295891
2022-04-22 15:40:00+00:00,2022-04-22 16:25:00+00:00,SHORT,BE,0.0,-0.08385188267702087
2022-04-24 16:50:00+00:00,2022-04-24 16:55:00+00:00,SHORT,SL,-1.0,-0.6469203124282912
2022-04-25 00:50:00+00:00,2022-04-25 01:10:00+00:00,SHORT,SL,-1.0,-0.6176711180072939
2022-04-25 07:00:00+00:00,2022-04-25 07:05:00+00:00,SHORT,TRAIL,0.9461918906602181,0.3542553216407905
2022-04-26 17:20:00+00:00,2022-04-26 19:10:00+00:00,SHORT,SL,-1.0,-0.5683041323980682
2022-04-29 16:55:00+00:00,2022-04-29 20:15:00+00:00,SHORT,BE,0.0,-0.0788967595180709
2022-04-30 23:15:00+00:00,2022-04-30 23:30:00+00:00,SHORT,TRAIL,1.3904276089749366,0.5701305609401962
2022-05-07 21:45:00+00:00,2022-05-07 21:55:00+00:00,SHORT,TRAIL,1.355690783870443,0.5372359650343539
2022-05-08 02:05:00+00:00,2022-05-08 02:15:00+00:00,SHORT,BE,0.0,-0.08716115787716783
2022-05-09 11:00:00+00:00,2022-05-09 11:50:00+00:00,SHORT,SL,-1.0,-0.5693211181074591
2022-05-09 15:30:00+00:00,2022-05-09 16:05:00+00:00,SHORT,SL,-1.0,-0.5554487755672163
2022-05-09 23:55:00+00:00,2022-05-10 00:00:00+00:00,SHORT,SL,-1.0,-0.5327465346639566
2022-05-11 12:45:00+00:00,2022-05-11 12:50:00+00:00,SHORT,TRAIL,0.9342933114895975,0.43304410965164947
2022-05-11 20:50:00+00:00,2022-05-11 21:25:00+00:00,SHORT,TRAIL,0.941686939542031,0.4433238762308411
2022-05-16 16:40:00+00:00,2022-05-16 17:05:00+00:00,SHORT,SL,-1.0,-0.554479555518263
2022-05-23 23:15:00+00:00,2022-05-23 23:20:00+00:00,SHORT,SL,-1.0,-0.5788500172772454
2022-05-26 13:15:00+00:00,2022-05-26 13:20:00+00:00,SHORT,TRAIL,2.0167851664402017,0.9257498578384774
2022-05-30 20:30:00+00:00,2022-05-30 21:15:00+00:00,LONG,TRAIL,3.584057816277278,1.698864716187825
2022-05-31 16:40:00+00:00,2022-05-31 16:45:00+00:00,LONG,SL,-1.0,-0.5777295045998037
2022-06-06 06:50:00+00:00,2022-06-06 06:55:00+00:00,LONG,SL,-1.0,-0.6282463493629962
2022-06-10 13:30:00+00:00,2022-06-10 13:45:00+00:00,SHORT,SL,-1.0,-0.5961527091036631
2022-06-11 15:40:00+00:00,2022-06-11 15:45:00+00:00,SHORT,SL,-1.0,-0.5851779145887507
2022-06-12 02:30:00+00:00,2022-06-12 02:40:00+00:00,SHORT,TRAIL,2.9299794220344317,1.3793511184609346
2022-06-12 23:45:00+00:00,2022-06-13 00:00:00+00:00,SHORT,BE,0.0,-0.06357604228741957
2022-06-13 03:15:00+00:00,2022-06-13 03:35:00+00:00,SHORT,SL,-1.0,-0.5413009199110934
2022-06-13 07:40:00+00:00,2022-06-13 07:45:00+00:00,SHORT,SL,-1.0,-0.5368433875994474
2022-06-13 11:30:00+00:00,2022-06-13 12:10:00+00:00,SHORT,SL,-1.0,-0.5311144202549913
2022-06-18 08:15:00+00:00,2022-06-18 08:25:00+00:00,SHORT,SL,-1.0,-0.5461023839545897
2022-06-18 19:00:00+00:00,2022-06-18 19:15:00+00:00,SHORT,SL,-1.0,-0.548597059391566
2022-06-28 18:15:00+00:00,2022-06-28 20:40:00+00:00,SHORT,TRAIL,1.0007919259558122,0.41358304962806053
2022-06-30 09:15:00+00:00,2022-06-30 09:50:00+00:00,SHORT,SL,-1.0,-0.5719565451936067
2022-06-30 13:45:00+00:00,2022-06-30 14:10:00+00:00,SHORT,SL,-1.0,-0.5635863616563482
2022-07-07 16:45:00+00:00,2022-07-07 17:00:00+00:00,LONG,SL,-1.0,-0.5951038306123562
2022-07-08 01:30:00+00:00,2022-07-08 01:35:00+00:00,LONG,TRAIL,1.0352073569016322,0.4533629697964139
2022-07-13 12:45:00+00:00,2022-07-13 13:40:00+00:00,SHORT,SL,-1.0,-0.549963492880974
2022-07-16 16:50:00+00:00,2022-07-16 17:55:00+00:00,LONG,SL,-1.0,-0.5940341656218477
2022-07-18 06:30:00+00:00,2022-07-18 06:35:00+00:00,LONG,TRAIL,1.720191539664357,0.7811768955658953
2022-07-18 16:00:00+00:00,2022-07-18 16:05:00+00:00,LONG,SL,-1.0,-0.562855649356863
2022-07-19 00:10:00+00:00,2022-07-19 00:15:00+00:00,LONG,SL,-1.0,-0.5596144706608731
2022-07-19 16:25:00+00:00,2022-07-19 20:00:00+00:00,LONG,BE,0.0,-0.04649908783249342
2022-07-25 23:45:00+00:00,2022-07-26 00:15:00+00:00,SHORT,TRAIL,1.4052423490129164,0.6272058432342955
2022-07-28 15:35:00+00:00,2022-07-28 15:50:00+00:00,LONG,TRAIL,1.3753056716715995,0.6181751848658861
2022-08-07 21:15:00+00:00,2022-08-07 21:30:00+00:00,LONG,SL,-1.0,-0.685184649736598
2022-08-08 06:15:00+00:00,2022-08-08 06:30:00+00:00,LONG,TRAIL,2.717705526821983,1.1890702569390599
2022-08-08 12:05:00+00:00,2022-08-08 12:15:00+00:00,LONG,SL,-1.0,-0.6390100212732114
2022-08-11 01:30:00+00:00,2022-08-11 02:15:00+00:00,LONG,BE,0.0,-0.09036156417209894
2022-08-15 03:10:00+00:00,2022-08-15 03:20:00+00:00,LONG,SL,-1.0,-0.6218057936952993
2022-08-19 00:15:00+00:00,2022-08-19 00:20:00+00:00,SHORT,TRAIL,1.1495977543480385,0.43732156044623716
2022-08-19 06:45:00+00:00,2022-08-19 06:50:00+00:00,SHORT,TP,2.9090909090909016,1.3862906258477703
2022-08-26 15:00:00+00:00,2022-08-26 15:15:00+00:00,SHORT,TRAIL,1.0073499521885616,0.44051840348569493
2022-08-28 23:30:00+00:00,2022-08-28 23:40:00+00:00,SHORT,TRAIL,0.7489132328653715,0.24862691266575157
2022-08-30 16:45:00+00:00,2022-08-30 18:00:00+00:00,SHORT,SL,-1.0,-0.5846213453589111
2022-09-06 17:15:00+00:00,2022-09-06 17:20:00+00:00,SHORT,TRAIL,3.7064873265410094,1.7704291874532467
2022-09-09 12:35:00+00:00,2022-09-09 12:45:00+00:00,LONG,SL,-1.0,-0.5843219310147472
2022-09-12 01:35:00+00:00,2022-09-12 01:40:00+00:00,LONG,TRAIL,1.0421436040396888,0.4245712966723128
2022-09-16 17:05:00+00:00,2022-09-16 17:10:00+00:00,SHORT,SL,-1.0,-0.5924675070432229
2022-09-18 16:40:00+00:00,2022-09-18 17:00:00+00:00,SHORT,SL,-1.0,-0.6220477450461932
2022-09-18 21:15:00+00:00,2022-09-18 21:45:00+00:00,SHORT,BE,0.0,-0.10858179460864123
2022-09-19 02:30:00+00:00,2022-09-19 02:35:00+00:00,SHORT,TP,2.9090909090908807,1.3713626230687765
2022-09-19 06:00:00+00:00,2022-09-19 06:40:00+00:00,SHORT,TRAIL,1.9505339846572936,0.8971997393375558
2022-09-21 22:15:00+00:00,2022-09-21 23:05:00+00:00,SHORT,SL,-1.0,-0.5345898443407165
2022-09-25 21:50:00+00:00,2022-09-25 22:00:00+00:00,SHORT,TRAIL,0.765099950556441,0.2558264335900389
2022-09-27 06:20:00+00:00,2022-09-27 06:30:00+00:00,LONG,SL,-1.0,-0.586008188850357
2022-09-30 14:45:00+00:00,2022-09-30 14:50:00+00:00,LONG,TRAIL,0.8455588498047311,0.3409438437427
2022-10-02 23:15:00+00:00,2022-10-02 23:40:00+00:00,SHORT,SL,-1.0,-0.628988160370104
2022-10-04 20:30:00+00:00,2022-10-04 20:45:00+00:00,LONG,BE,0.0,-0.10629312590897044
2022-10-10 08:30:00+00:00,2022-10-10 08:35:00+00:00,SHORT,TRAIL,0.7475622232015081,0.19307699808708537
2022-10-11 00:15:00+00:00,2022-10-11 00:30:00+00:00,SHORT,SL,-1.0,-0.6400959615308586
2022-10-13 10:30:00+00:00,2022-10-13 10:35:00+00:00,SHORT,TRAIL,5.068161902766096,2.344071978865168
2022-10-21 12:15:00+00:00,2022-10-21 12:20:00+00:00,SHORT,TRAIL,1.4379525749779807,0.5716127519406767
2022-10-23 21:20:00+00:00,2022-10-23 21:25:00+00:00,LONG,SL,-1.0,-0.7075823162275919
2022-10-25 15:05:00+00:00,2022-10-25 15:10:00+00:00,LONG,TRAIL,0.6220130783456198,0.10661157905112936
2022-10-25 18:25:00+00:00,2022-10-25 18:40:00+00:00,LONG,BE,0.0,-0.10022406945972182
2022-10-26 08:45:00+00:00,2022-10-26 09:10:00+00:00,LONG,TRAIL,1.1832369303886396,0.49237268973142706
2022-10-26 14:15:00+00:00,2022-10-26 14:50:00+00:00,LONG,BE,0.0,-0.09386155779321068
2022-11-04 12:45:00+00:00,2022-11-04 12:50:00+00:00,LONG,SL,-1.0,-0.6356397080354258
2022-11-08 15:25:00+00:00,2022-11-08 15:35:00+00:00,SHORT,SL,-1.0,-0.5879048350921737
2022-11-08 19:20:00+00:00,2022-11-08 19:25:00+00:00,SHORT,TRAIL,0.7842569419819685,0.3636067842923572
2022-11-09 21:40:00+00:00,2022-11-09 22:05:00+00:00,SHORT,BE,0.0,-0.02640806031669876
2022-11-13 09:15:00+00:00,2022-11-13 10:25:00+00:00,SHORT,SL,-1.0,-0.6123157910653801
2022-11-13 21:15:00+00:00,2022-11-13 21:35:00+00:00,SHORT,SL,-1.0,-0.6159032893933355
2022-11-14 01:40:00+00:00,2022-11-14 02:20:00+00:00,SHORT,BE,0.0,-0.08726271239165113
2022-11-20 11:30:00+00:00,2022-11-20 11:35:00+00:00,SHORT,TRAIL,0.9959238649902316,0.24952683903620906
2022-11-20 21:45:00+00:00,2022-11-20 21:50:00+00:00,SHORT,TRAIL,3.0309092141234735,1.3184265563997442
2022-11-21 02:05:00+00:00,2022-11-21 02:10:00+00:00,SHORT,TRAIL,0.7733409304979465,0.2660864820322416
2022-11-21 19:45:00+00:00,2022-11-21 20:05:00+00:00,SHORT,SL,-1.0,-0.5784499965812412
2022-11-28 01:10:00+00:00,2022-11-28 01:15:00+00:00,SHORT,TRAIL,2.528899795065634,1.0211582818130438
2022-11-28 16:15:00+00:00,2022-11-28 16:20:00+00:00,SHORT,SL,-1.0,-0.6751216134651351
2022-11-30 19:15:00+00:00,2022-11-30 19:30:00+00:00,LONG,SL,-1.0,-0.6266284778699698
2022-11-30 23:00:00+00:00,2022-11-30 23:05:00+00:00,LONG,SL,-1.0,-0.6275674302161135
2022-12-04 18:00:00+00:00,2022-12-04 18:10:00+00:00,LONG,SL,-1.0,-0.7631411422724321
2022-12-05 00:35:00+00:00,2022-12-05 02:15:00+00:00,LONG,BE,0.0,-0.21438067566415575
2022-12-08 19:00:00+00:00,2022-12-08 19:05:00+00:00,LONG,SL,-1.0,-0.6611078997660593
2022-12-13 10:00:00+00:00,2022-12-13 10:05:00+00:00,LONG,TRAIL,2.539618957489085,1.0923593429422904
2022-12-13 13:15:00+00:00,2022-12-13 13:20:00+00:00,LONG,TRAIL,1.748045278798842,0.7111281972085587
2022-12-14 16:00:00+00:00,2022-12-14 18:10:00+00:00,LONG,BE,0.0,-0.15922057575834808
2022-12-16 23:15:00+00:00,2022-12-16 23:30:00+00:00,SHORT,TRAIL,0.6376017223154777,0.19726564096322455
2022-12-19 03:05:00+00:00,2022-12-19 03:20:00+00:00,SHORT,SL,-1.0,-0.7617566397343474
2022-12-19 16:35:00+00:00,2022-12-19 17:00:00+00:00,SHORT,SL,-1.0,-0.7108072400697001
2022-12-19 22:45:00+00:00,2022-12-19 23:00:00+00:00,SHORT,TRAIL,1.0124692849723085,0.36661455423810635
2022-12-22 15:55:00+00:00,2022-12-22 16:00:00+00:00,SHORT,SL,-1.0,-0.7409633580658533
2022-12-25 14:45:00+00:00,2022-12-25 14:50:00+00:00,SHORT,BE,0.0,-0.6075660707326468
2022-12-27 17:40:00+00:00,2022-12-27 17:45:00+00:00,SHORT,TRAIL,1.843866136482993,0.5822089978381091
2022-12-28 03:15:00+00:00,2022-12-28 03:20:00+00:00,SHORT,SL,-1.0,-0.7323526387349776
2022-12-30 07:30:00+00:00,2022-12-30 08:50:00+00:00,SHORT,BE,0.0,-0.2942060352378381
2022-12-31 23:10:00+00:00,2022-12-31 23:15:00+00:00,SHORT,SL,-1.0,-0.8767783557665555
2023-01-04 03:15:00+00:00,2023-01-04 03:55:00+00:00,LONG,TRAIL,1.6162774896299938,0.5171226902725058
2023-01-04 18:45:00+00:00,2023-01-04 19:00:00+00:00,LONG,SL,-1.0,-0.7529423887266506
2023-01-06 19:35:00+00:00,2023-01-06 19:40:00+00:00,LONG,TRAIL,0.9326187715385614,0.13283316179678817
2023-01-08 16:00:00+00:00,2023-01-08 16:10:00+00:00,LONG,SL,-1.0,-1.194973006697644
2023-01-08 23:05:00+00:00,2023-01-08 23:10:00+00:00,LONG,BE,0.0,-0.5105179906571249
2023-01-09 16:50:00+00:00,2023-01-09 18:35:00+00:00,LONG,BE,0.0,-0.2373308096093832
2023-01-10 18:50:00+00:00,2023-01-10 20:25:00+00:00,LONG,TRAIL,0.6447096514057099,0.092738723172407
2023-01-11 18:15:00+00:00,2023-01-11 18:20:00+00:00,LONG,SL,-1.0,-0.7446574649812513
2023-01-11 23:25:00+00:00,2023-01-11 23:30:00+00:00,LONG,TRAIL,8.733815944238296,4.132674999411077
2023-01-12 02:45:00+00:00,2023-01-12 02:50:00+00:00,LONG,SL,-1.0,-0.6116069440389288
2023-01-12 17:35:00+00:00,2023-01-12 17:40:00+00:00,LONG,TRAIL,3.8961767822943005,1.8445647199225002
2023-01-13 21:35:00+00:00,2023-01-13 21:40:00+00:00,LONG,TRAIL,1.5069315986439813,0.6495095154611505
2023-01-14 00:45:00+00:00,2023-01-14 01:20:00+00:00,LONG,TRAIL,1.1311728100011162,0.5211405586408298
2023-01-16 01:15:00+00:00,2023-01-16 01:20:00+00:00,LONG,BE,0.0,-0.10459214223325403
2023-01-20 19:40:00+00:00,2023-01-20 19:45:00+00:00,LONG,SL,-1.0,-0.6404680495813024
2023-01-21 10:15:00+00:00,2023-01-21 10:25:00+00:00,LONG,SL,-1.0,-0.5950449165684923
2023-01-29 01:30:00+00:00,2023-01-29 01:35:00+00:00,LONG,TRAIL,1.0989444691110175,0.38054505555763085
2023-01-29 11:00:00+00:00,2023-01-29 11:05:00+00:00,LONG,SL,-1.0,-0.675087858917894
2023-01-29 18:45:00+00:00,2023-01-29 19:15:00+00:00,LONG,BE,0.0,-0.1479307379442414
2023-02-01 20:30:00+00:00,2023-02-01 21:05:00+00:00,LONG,BE,0.0,-0.0845039288137679
2023-02-02 00:40:00+00:00,2023-02-02 00:45:00+00:00,LONG,TRAIL,1.6975318953789789,0.7381926381367532
2023-02-09 03:15:00+00:00,2023-02-09 03:20:00+00:00,SHORT,BE,0.0,-0.13449851176888142
2023-02-09 19:30:00+00:00,2023-02-09 19:45:00+00:00,SHORT,TRAIL,2.3386521824094513,1.0602427754843855
2023-02-13 09:30:00+00:00,2023-02-13 10:20:00+00:00,SHORT,TRAIL,1.245072633623679,0.4618918187141817
2023-02-15 19:05:00+00:00,2023-02-15 19:10:00+00:00,LONG,TRAIL,0.5990099208016129,0.17720887199209484
2023-02-16 00:10:00+00:00,2023-02-16 00:15:00+00:00,LONG,TRAIL,1.2606880035695633,0.549125885360531
2023-02-17 20:15:00+00:00,2023-02-17 20:35:00+00:00,LONG,SL,-1.0,-0.575874401432187
2023-02-19 15:35:00+00:00,2023-02-19 15:45:00+00:00,LONG,SL,-1.0,-0.6771757952051143
2023-02-24 16:15:00+00:00,2023-02-24 16:20:00+00:00,SHORT,TRAIL,0.911043473868133,0.3697014521477233
2023-02-28 21:30:00+00:00,2023-02-28 22:10:00+00:00,SHORT,SL,-1.0,-0.630663848209748
2023-03-03 01:30:00+00:00,2023-03-03 01:35:00+00:00,SHORT,TRAIL,7.092540211912991,3.427749135706601
2023-03-07 15:00:00+00:00,2023-03-07 15:05:00+00:00,SHORT,TRAIL,5.392666579549271,2.4600346621228666
2023-03-08 23:00:00+00:00,2023-03-08 23:05:00+00:00,SHORT,TRAIL,1.3340172032541564,0.540540379018147
2023-03-09 17:00:00+00:00,2023-03-09 18:20:00+00:00,SHORT,BE,0.0,-0.13753146933751154
2023-03-10 01:00:00+00:00,2023-03-10 01:05:00+00:00,SHORT,SL,-1.0,-0.5685418295798459
2023-03-13 15:00:00+00:00,2023-03-13 15:05:00+00:00,LONG,TRAIL,2.1068050280264443,1.0049609675778357
2023-03-14 12:45:00+00:00,2023-03-14 12:50:00+00:00,LONG,TRAIL,3.262429130400867,1.5769049795616068
2023-03-17 02:15:00+00:00,2023-03-17 02:40:00+00:00,LONG,SL,-1.0,-0.5744105668643454
2023-03-17 11:50:00+00:00,2023-03-17 12:05:00+00:00,LONG,SL,-1.0,-0.5708749017080522
2023-03-17 22:35:00+00:00,2023-03-17 22:55:00+00:00,LONG,BE,0.0,-0.062155589407381855
2023-03-19 16:45:00+00:00,2023-03-19 16:50:00+00:00,LONG,TRAIL,0.662039268150382,0.24914848231569697
2023-03-29 08:15:00+00:00,2023-03-29 08:30:00+00:00,LONG,TRAIL,1.2960886980075477,0.5476661873341216
2023-03-30 02:45:00+00:00,2023-03-30 03:05:00+00:00,LONG,SL,-1.0,-0.5975253642944818
2023-04-10 16:40:00+00:00,2023-04-10 16:45:00+00:00,LONG,TRAIL,0.7908013162968718,0.20526723170436575
2023-04-10 22:00:00+00:00,2023-04-10 22:05:00+00:00,LONG,TRAIL,1.2652760926816629,0.5017647910876022
2023-04-11 01:50:00+00:00,2023-04-11 02:05:00+00:00,LONG,BE,0.0,-0.09796740764761588
2023-04-14 01:45:00+00:00,2023-04-14 01:55:00+00:00,LONG,SL,-1.0,-0.6557601767213135
2023-04-19 23:30:00+00:00,2023-04-20 00:25:00+00:00,SHORT,SL,-1.0,-0.5937713111791059
2023-04-20 19:30:00+00:00,2023-04-20 20:35:00+00:00,SHORT,SL,-1.0,-0.5958796482181947
2023-04-21 19:15:00+00:00,2023-04-21 19:40:00+00:00,SHORT,TRAIL,1.7394580389451646,0.7763162397395167
2023-04-24 17:00:00+00:00,2023-04-24 17:10:00+00:00,SHORT,SL,-1.0,-0.605217316039766
2023-04-30 15:15:00+00:00,2023-04-30 15:20:00+00:00,LONG,TRAIL,3.714822843330743,1.6527981596841492
2023-05-01 20:50:00+00:00,2023-05-01 21:20:00+00:00,SHORT,SL,-1.0,-0.5972304170908616
2023-05-05 16:05:00+00:00,2023-05-05 16:35:00+00:00,LONG,SL,-1.0,-0.6067405157932375
2023-05-08 08:45:00+00:00,2023-05-08 08:55:00+00:00,SHORT,TRAIL,0.7125930945523289,0.2268093536133458
2023-05-08 18:15:00+00:00,2023-05-08 20:15:00+00:00,SHORT,BE,0.0,-0.10535199697918779
2023-05-21 21:15:00+00:00,2023-05-21 21:20:00+00:00,SHORT,BE,0.0,-0.2412359534135012
2023-05-22 00:45:00+00:00,2023-05-22 02:10:00+00:00,SHORT,BE,0.0,-0.20734539638891725
2023-05-24 14:00:00+00:00,2023-05-24 14:05:00+00:00,SHORT,TRAIL,3.623367474834324,1.6437699379864616
2023-05-25 01:30:00+00:00,2023-05-25 01:35:00+00:00,SHORT,SL,-1.0,-0.6304695401246402
2023-05-28 18:20:00+00:00,2023-05-28 18:25:00+00:00,LONG,TRAIL,2.006782840771344,0.7828250296412684
2023-05-28 21:45:00+00:00,2023-05-28 22:00:00+00:00,LONG,TRAIL,3.486449487893294,1.5571138141937992
2023-06-05 03:00:00+00:00,2023-06-05 03:15:00+00:00,SHORT,TRAIL,0.7700625881293511,0.20595893464137047
2023-06-05 15:15:00+00:00,2023-06-05 15:25:00+00:00,SHORT,TRAIL,1.9997303883226614,0.8186204600740566
2023-06-10 04:30:00+00:00,2023-06-10 04:35:00+00:00,SHORT,TP,2.90909090909095,1.3270921171344112
2023-06-14 20:05:00+00:00,2023-06-14 20:10:00+00:00,SHORT,TRAIL,1.4261688064947757,0.5490616711607177
2023-06-19 18:00:00+00:00,2023-06-19 18:05:00+00:00,LONG,TRAIL,2.466977696027226,1.0372740450512983
2023-06-20 01:10:00+00:00,2023-06-20 01:15:00+00:00,LONG,SL,-1.0,-0.6485244154369285
2023-06-20 17:00:00+00:00,2023-06-20 17:10:00+00:00,LONG,BE,0.0,-0.12898820045080586
2023-06-20 20:45:00+00:00,2023-06-21 01:00:00+00:00,LONG,TRAIL,2.668703158440685,1.2493474077882993
2023-06-21 14:55:00+00:00,2023-06-21 15:20:00+00:00,LONG,TRAIL,1.0597923097710393,0.4398946473065196
2023-06-23 15:30:00+00:00,2023-06-23 15:40:00+00:00,LONG,TRAIL,1.8280225652795017,0.8131322560477207
2023-06-27 14:25:00+00:00,2023-06-27 14:40:00+00:00,LONG,SL,-1.0,-0.6262756743482619
2023-06-30 04:45:00+00:00,2023-06-30 04:50:00+00:00,LONG,TRAIL,1.6895777978560305,0.717285528631238
2023-07-02 22:30:00+00:00,2023-07-02 22:40:00+00:00,LONG,SL,-1.0,-0.7284620349737181
2023-07-03 18:50:00+00:00,2023-07-03 19:10:00+00:00,LONG,SL,-1.0,-0.6693382477766419
2023-07-10 00:15:00+00:00,2023-07-10 00:30:00+00:00,SHORT,SL,-1.0,-0.7530117670644295
2023-07-13 15:30:00+00:00,2023-07-13 15:40:00+00:00,LONG,TRAIL,1.3554542712243922,0.5062849110983321
2023-07-13 19:25:00+00:00,2023-07-13 19:45:00+00:00,LONG,BE,0.0,-0.09317460126883556
2023-07-17 10:30:00+00:00,2023-07-17 10:45:00+00:00,SHORT,BE,0.0,-0.2701826115143553
2023-07-17 18:30:00+00:00,2023-07-17 18:45:00+00:00,SHORT,TRAIL,1.146711108181985,0.4088890685717358
2023-07-20 18:25:00+00:00,2023-07-20 18:30:00+00:00,SHORT,SL,-1.0,-0.6622194895551436
2023-07-24 10:00:00+00:00,2023-07-24 10:05:00+00:00,SHORT,TRAIL,2.269654145252765,0.9884036996249711
2023-07-24 15:10:00+00:00,2023-07-24 15:15:00+00:00,SHORT,SL,-1.0,-0.6564104428188049
2023-08-01 02:15:00+00:00,2023-08-01 04:00:00+00:00,SHORT,TP,2.9090909090909567,1.2777805082807043
2023-08-04 20:45:00+00:00,2023-08-04 20:55:00+00:00,SHORT,SL,-1.0,-0.7497544186730531
2023-08-07 14:30:00+00:00,2023-08-07 14:35:00+00:00,SHORT,SL,-1.0,-0.8390828026991883
2023-08-08 16:35:00+00:00,2023-08-08 17:00:00+00:00,LONG,BE,0.0,-0.19118593542027534
2023-08-08 20:35:00+00:00,2023-08-08 21:20:00+00:00,LONG,TRAIL,1.718904861978001,0.690380038226786
2023-08-14 15:25:00+00:00,2023-08-14 15:40:00+00:00,LONG,BE,0.0,-0.33601235803905194
2023-08-15 19:15:00+00:00,2023-08-15 20:15:00+00:00,SHORT,BE,0.0,-0.2676001302633613
2023-08-16 16:15:00+00:00,2023-08-16 16:45:00+00:00,SHORT,SL,-1.0,-0.7830419162932645
2023-08-16 20:40:00+00:00,2023-08-16 23:35:00+00:00,SHORT,TRAIL,1.568144837371699,0.5765024126488071
2023-08-17 15:35:00+00:00,2023-08-17 15:40:00+00:00,SHORT,TRAIL,1.7843392275349335,0.7277410673554389
2023-08-17 21:05:00+00:00,2023-08-17 21:40:00+00:00,SHORT,TRAIL,25.293834658604613,12.51675979611095
2023-08-22 21:30:00+00:00,2023-08-22 22:25:00+00:00,SHORT,SL,-1.0,-0.6095567175847971
2023-08-25 14:55:00+00:00,2023-08-25 15:00:00+00:00,SHORT,SL,-1.0,-0.6695162095887975
2023-08-28 05:45:00+00:00,2023-08-28 07:45:00+00:00,SHORT,TRAIL,1.0683495816413573,0.1751916179571857
2023-09-01 17:25:00+00:00,2023-09-01 17:40:00+00:00,SHORT,TRAIL,0.7404757113340517,0.2461807723677341
2023-09-04 21:35:00+00:00,2023-09-04 21:40:00+00:00,SHORT,SL,-1.0,-0.7263483515119952
2023-09-06 15:15:00+00:00,2023-09-06 15:20:00+00:00,SHORT,SL,-1.0,-0.7462802296846449
2023-09-10 16:45:00+00:00,2023-09-10 16:50:00+00:00,SHORT,SL,-1.0,-0.9205380238864934
2023-09-11 14:05:00+00:00,2023-09-11 14:10:00+00:00,SHORT,TRAIL,3.1768642907136253,1.3828192558435635
2023-09-15 23:00:00+00:00,2023-09-15 23:10:00+00:00,LONG,SL,-1.0,-0.6853334180550611
2023-09-18 07:30:00+00:00,2023-09-18 07:35:00+00:00,LONG,SL,-1.0,-0.7475947290508176
2023-09-18 10:45:00+00:00,2023-09-18 10:55:00+00:00,LONG,BE,0.0,-0.16875896172202856
2023-09-24 19:25:00+00:00,2023-09-24 19:30:00+00:00,SHORT,SL,-1.0,-0.7477727831298914
2023-09-24 23:25:00+00:00,2023-09-24 23:30:00+00:00,SHORT,TRAIL,0.8031502827000451,0.13429103734285783
2023-10-01 10:15:00+00:00,2023-10-01 10:20:00+00:00,LONG,SL,-1.0,-0.8475076060662707
2023-10-01 22:15:00+00:00,2023-10-01 22:20:00+00:00,LONG,TRAIL,11.605583808366074,5.500617398269032
2023-10-02 07:45:00+00:00,2023-10-02 07:50:00+00:00,LONG,SL,-1.0,-0.6677841879777756
2023-10-06 15:30:00+00:00,2023-10-06 15:55:00+00:00,LONG,BE,0.0,-0.11711342754281423
2023-10-06 21:45:00+00:00,2023-10-06 22:55:00+00:00,LONG,SL,-1.0,-0.6214095698102887
2023-10-11 04:00:00+00:00,2023-10-11 04:05:00+00:00,SHORT,SL,-1.0,-0.6976582095257129
2023-10-11 15:30:00+00:00,2023-10-11 15:40:00+00:00,SHORT,TRAIL,0.9784848080931614,0.33242875135569494
2023-10-16 13:30:00+00:00,2023-10-16 13:35:00+00:00,LONG,TRAIL,3.9084976292205207,1.8769938450016324
2023-10-19 14:50:00+00:00,2023-10-19 15:00:00+00:00,LONG,TRAIL,1.062980586726783,0.3553911657460331
2023-10-20 03:00:00+00:00,2023-10-20 03:15:00+00:00,LONG,TRAIL,2.0380338133171727,0.8619223541084654
2023-10-20 08:15:00+00:00,2023-10-20 08:25:00+00:00,LONG,TRAIL,1.002890921085714,0.36871236281792774
2023-10-21 18:00:00+00:00,2023-10-21 18:05:00+00:00,LONG,SL,-1.0,-0.673484832758245
2023-10-23 01:30:00+00:00,2023-10-23 02:05:00+00:00,LONG,SL,-1.0,-0.6482858160255752
2023-10-23 16:40:00+00:00,2023-10-23 16:55:00+00:00,LONG,TRAIL,0.6593914290833359,0.20925627277953324
2023-10-23 20:15:00+00:00,2023-10-23 20:50:00+00:00,LONG,BE,0.0,-0.07132239588208714
2023-10-29 17:35:00+00:00,2023-10-29 17:40:00+00:00,LONG,BE,0.0,-0.25313823862913903
2023-10-30 12:30:00+00:00,2023-10-30 12:40:00+00:00,LONG,SL,-1.0,-0.6625160589683179
2023-11-01 20:55:00+00:00,2023-11-01 21:00:00+00:00,LONG,TRAIL,1.4098835180610652,0.5919836326996596
2023-11-02 02:40:00+00:00,2023-11-02 02:45:00+00:00,LONG,BE,0.0,-0.11539145163889601
2023-11-05 04:00:00+00:00,2023-11-05 04:05:00+00:00,LONG,SL,-1.0,-0.7074026183733826
2023-11-07 20:45:00+00:00,2023-11-07 20:55:00+00:00,LONG,BE,0.0,-0.11127231569692068
2023-11-08 23:45:00+00:00,2023-11-08 23:50:00+00:00,LONG,SL,-1.0,-0.6086371949788111
2023-11-09 14:15:00+00:00,2023-11-09 14:50:00+00:00,LONG,TRAIL,2.1758092690085262,1.0063179779036886
2023-11-13 01:30:00+00:00,2023-11-13 01:35:00+00:00,LONG,SL,-1.0,-0.6983168333596136
2023-11-15 19:05:00+00:00,2023-11-15 19:10:00+00:00,LONG,SL,-1.0,-0.5745266860080138
2023-11-19 20:00:00+00:00,2023-11-19 20:10:00+00:00,LONG,SL,-1.0,-0.7430969179178244
2023-11-19 23:15:00+00:00,2023-11-19 23:25:00+00:00,LONG,TRAIL,1.9392179321609613,0.8055216478296777
2023-11-20 16:00:00+00:00,2023-11-20 16:10:00+00:00,LONG,SL,-1.0,-0.6177068058125359
2023-11-22 21:30:00+00:00,2023-11-22 21:40:00+00:00,LONG,SL,-1.0,-0.6073232063583046
2023-11-24 11:30:00+00:00,2023-11-24 11:35:00+00:00,LONG,SL,-1.0,-0.6505508848521642
2023-11-24 15:25:00+00:00,2023-11-24 15:30:00+00:00,LONG,SL,-1.0,-0.6280399073056564
2023-11-28 16:45:00+00:00,2023-11-28 16:50:00+00:00,LONG,TRAIL,0.6005845123984669,0.14125339591492292
2023-12-01 09:30:00+00:00,2023-12-01 10:00:00+00:00,LONG,TRAIL,1.9321996293203298,0.7864848612057174
2023-12-01 16:30:00+00:00,2023-12-01 16:35:00+00:00,LONG,SL,-1.0,-0.6549549207115113
2023-12-02 19:15:00+00:00,2023-12-02 19:30:00+00:00,LONG,TRAIL,1.4259717404999668,0.568966017390924
2023-12-03 22:50:00+00:00,2023-12-03 23:20:00+00:00,LONG,SL,-1.0,-0.6533251663241055
2023-12-04 05:05:00+00:00,2023-12-04 05:10:00+00:00,LONG,TRAIL,1.4629421441097172,0.6015460185144555
2023-12-04 10:35:00+00:00,2023-12-04 10:50:00+00:00,LONG,BE,0.0,-0.11913748715169943
2023-12-05 16:40:00+00:00,2023-12-05 17:00:00+00:00,LONG,TRAIL,0.7832182011452724,0.27422024716574817
2023-12-05 22:15:00+00:00,2023-12-05 23:10:00+00:00,LONG,SL,-1.0,-0.5813921648824979
2023-12-08 21:30:00+00:00,2023-12-08 22:50:00+00:00,LONG,SL,-1.0,-0.642681074755949
2023-12-17 23:45:00+00:00,2023-12-18 00:25:00+00:00,SHORT,BE,0.0,-0.139375849902234
2023-12-20 14:30:00+00:00,2023-12-20 15:00:00+00:00,LONG,SL,-1.0,-0.6074077450297677
2023-12-26 17:35:00+00:00,2023-12-26 17:40:00+00:00,SHORT,TRAIL,0.8804413383460838,0.3039025409555536
2023-12-29 16:55:00+00:00,2023-12-29 17:05:00+00:00,SHORT,BE,0.0,-0.10964199939984166
2024-01-01 23:25:00+00:00,2024-01-01 23:35:00+00:00,LONG,BE,0.0,-0.1546659657192762
2024-01-02 07:25:00+00:00,2024-01-02 07:30:00+00:00,LONG,SL,-1.0,-0.625545385524218
2024-01-04 21:00:00+00:00,2024-01-04 21:10:00+00:00,LONG,SL,-1.0,-0.5885011836637096
2024-01-08 12:00:00+00:00,2024-01-08 12:10:00+00:00,LONG,TRAIL,1.903557188058653,0.832220011176942
2024-01-08 17:55:00+00:00,2024-01-08 18:00:00+00:00,LONG,TRAIL,0.9607622134384396,0.39036766847944265
2024-01-10 23:05:00+00:00,2024-01-10 23:35:00+00:00,LONG,SL,-1.0,-0.5402533682491498
2024-01-14 23:35:00+00:00,2024-01-15 00:15:00+00:00,SHORT,SL,-1.0,-0.5931760837173994
2024-01-18 16:45:00+00:00,2024-01-18 16:50:00+00:00,SHORT,TRAIL,1.4407231130970526,0.5828361743506448
2024-01-18 20:00:00+00:00,2024-01-18 20:45:00+00:00,SHORT,BE,0.0,-0.07426343299228699
2024-01-22 01:10:00+00:00,2024-01-22 01:15:00+00:00,SHORT,TRAIL,0.7271087299869278,0.09294738298261608
2024-01-22 04:50:00+00:00,2024-01-22 05:00:00+00:00,SHORT,TRAIL,0.9625492539176256,0.3288184039216903
2024-01-22 10:25:00+00:00,2024-01-22 10:30:00+00:00,SHORT,BE,0.0,-0.11603114362937848
2024-01-22 19:15:00+00:00,2024-01-22 19:30:00+00:00,SHORT,TRAIL,0.9999025427346413,0.41502368353112096
2024-01-28 04:45:00+00:00,2024-01-28 04:55:00+00:00,LONG,TRAIL,1.4848824254783,0.5315755259659287
2024-01-29 16:00:00+00:00,2024-01-29 16:15:00+00:00,LONG,BE,0.0,-0.12921407480211425
2024-02-07 17:15:00+00:00,2024-02-07 17:35:00+00:00,LONG,TRAIL,1.3752027254040127,0.5151281015601802
2024-02-07 21:25:00+00:00,2024-02-07 21:45:00+00:00,LONG,SL,-1.0,-0.6236211887802952
2024-02-08 15:30:00+00:00,2024-02-08 16:35:00+00:00,LONG,SL,-1.0,-0.6291842699061313
2024-02-09 03:00:00+00:00,2024-02-09 03:10:00+00:00,LONG,TRAIL,0.9624805298764493,0.35310140929091616
2024-02-09 12:15:00+00:00,2024-02-09 12:30:00+00:00,LONG,SL,-1.0,-0.6119205449842514
2024-02-09 18:00:00+00:00,2024-02-09 18:20:00+00:00,LONG,BE,0.0,-0.08635842261509784
2024-02-11 03:45:00+00:00,2024-02-11 03:50:00+00:00,LONG,BE,0.0,-0.14371792105900424
2024-02-12 15:15:00+00:00,2024-02-12 15:20:00+00:00,LONG,SL,-1.0,-0.6287579045364614
2024-02-14 09:15:00+00:00,2024-02-14 09:35:00+00:00,LONG,TRAIL,1.2579840642711921,0.5330305884758972
2024-02-20 13:45:00+00:00,2024-02-20 13:50:00+00:00,LONG,TRAIL,0.8034336133215554,0.260749269705703
2024-02-26 15:45:00+00:00,2024-02-26 15:50:00+00:00,LONG,BE,0.0,-0.13863028186762186
2024-02-26 19:10:00+00:00,2024-02-26 19:15:00+00:00,LONG,TRAIL,1.4841236522063488,0.6315082763602873
2024-02-27 01:40:00+00:00,2024-02-27 01:45:00+00:00,LONG,TRAIL,1.9090359895807751,0.8216866958437405
2024-02-28 13:30:00+00:00,2024-02-28 14:20:00+00:00,LONG,BE,0.0,-0.07597639456926969
2024-03-03 16:45:00+00:00,2024-03-03 17:10:00+00:00,LONG,BE,0.0,-0.15613619920274915
2024-03-04 00:30:00+00:00,2024-03-04 00:35:00+00:00,LONG,TRAIL,1.8108436531792884,0.7723833974074858
2024-03-04 08:15:00+00:00,2024-03-04 08:25:00+00:00,LONG,TRAIL,0.6396219010613008,0.21787172599273152
2024-03-04 14:45:00+00:00,2024-03-04 15:05:00+00:00,LONG,BE,0.0,-0.0794164291077965
2024-03-04 23:00:00+00:00,2024-03-04 23:30:00+00:00,LONG,SL,-1.0,-0.5715648156225139
2024-03-08 15:30:00+00:00,2024-03-08 15:35:00+00:00,LONG,SL,-1.0,-0.5921530230290967
2024-03-10 04:10:00+00:00,2024-03-10 04:25:00+00:00,LONG,BE,0.0,-0.1643778291820623
2024-03-10 09:45:00+00:00,2024-03-10 09:55:00+00:00,LONG,SL,-1.0,-0.650643486078055
2024-03-11 07:15:00+00:00,2024-03-11 07:20:00+00:00,LONG,TRAIL,0.8438274182725108,0.3249418219763064
2024-03-11 11:40:00+00:00,2024-03-11 11:50:00+00:00,LONG,SL,-1.0,-0.5963406297766533
2024-03-11 15:35:00+00:00,2024-03-11 15:40:00+00:00,LONG,SL,-1.0,-0.5773166924807667
2024-03-16 21:30:00+00:00,2024-03-16 22:20:00+00:00,SHORT,BE,0.0,-0.0705868366462294
2024-03-19 03:45:00+00:00,2024-03-19 03:50:00+00:00,SHORT,SL,-1.0,-0.5705569865317566
2024-03-19 07:00:00+00:00,2024-03-19 07:20:00+00:00,SHORT,BE,0.0,-0.0652870738428896
2024-03-19 11:10:00+00:00,2024-03-19 11:45:00+00:00,SHORT,SL,-1.0,-0.5536996171675216
2024-03-25 14:30:00+00:00,2024-03-25 15:00:00+00:00,LONG,TRAIL,0.9326796977703724,0.3789131338854198
2024-03-25 20:00:00+00:00,2024-03-25 20:10:00+00:00,LONG,SL,-1.0,-0.5881523582471564
2024-03-31 23:55:00+00:00,2024-04-01 00:00:00+00:00,LONG,SL,-1.0,-0.6917014992884456
2024-04-07 16:30:00+00:00,2024-04-07 17:05:00+00:00,LONG,SL,-1.0,-0.6421448365402758
2024-04-08 08:15:00+00:00,2024-04-08 08:50:00+00:00,LONG,TRAIL,3.2511199878507435,1.4927040333869852
2024-04-13 20:00:00+00:00,2024-04-13 20:05:00+00:00,SHORT,TRAIL,9.230440161726944,4.552438270853466
2024-04-15 19:00:00+00:00,2024-04-15 19:10:00+00:00,SHORT,BE,0.0,-0.06302583918375258
2024-04-17 15:10:00+00:00,2024-04-17 15:40:00+00:00,SHORT,TRAIL,1.1341737672739634,0.502299551670171
2024-04-22 04:00:00+00:00,2024-04-22 04:15:00+00:00,LONG,SL,-1.0,-0.6136668350362307
2024-04-29 03:00:00+00:00,2024-04-29 03:55:00+00:00,SHORT,TRAIL,1.4200627773788255,0.5587869526311595
2024-04-29 13:45:00+00:00,2024-04-29 14:00:00+00:00,SHORT,SL,-1.0,-0.6351711993071808
2024-04-30 16:10:00+00:00,2024-04-30 16:15:00+00:00,SHORT,SL,-1.0,-0.5865248063451676
2024-04-30 19:50:00+00:00,2024-04-30 20:00:00+00:00,SHORT,BE,0.0,-0.08111961368409959
2024-05-01 07:35:00+00:00,2024-05-01 07:45:00+00:00,SHORT,SL,-1.0,-0.5650716293273523
2024-05-06 08:30:00+00:00,2024-05-06 08:50:00+00:00,LONG,TRAIL,1.7331105335800243,0.7351085197003683
2024-05-15 12:45:00+00:00,2024-05-15 13:20:00+00:00,LONG,TRAIL,1.4425794808553203,0.6199530795448899
2024-05-15 18:15:00+00:00,2024-05-15 19:05:00+00:00,LONG,BE,0.0,-0.10019111435782987
2024-05-17 15:30:00+00:00,2024-05-17 17:00:00+00:00,LONG,SL,-1.0,-0.6152893869678875
2024-05-20 16:20:00+00:00,2024-05-20 16:35:00+00:00,LONG,TRAIL,0.8299357286366805,0.28064393546948996
2024-05-20 19:45:00+00:00,2024-05-20 20:00:00+00:00,LONG,TRAIL,1.008834718821403,0.40922125929433056
2024-05-20 23:20:00+00:00,2024-05-20 23:25:00+00:00,LONG,TRAIL,1.4510758375923143,0.6329787565935708
2024-05-27 15:30:00+00:00,2024-05-27 15:35:00+00:00,LONG,TRAIL,0.7792365268122816,0.23369447938360882
2024-05-31 16:00:00+00:00,2024-05-31 16:30:00+00:00,SHORT,BE,0.0,-0.12340549008712452
2024-06-03 08:30:00+00:00,2024-06-03 09:00:00+00:00,LONG,SL,-1.0,-0.6778529891833108
2024-06-03 13:45:00+00:00,2024-06-03 13:50:00+00:00,LONG,BE,0.0,-0.15984377453821327
2024-06-04 15:50:00+00:00,2024-06-04 16:15:00+00:00,LONG,TRAIL,0.9508359102098822,0.35344297581657047
2024-06-11 02:00:00+00:00,2024-06-11 02:15:00+00:00,SHORT,TRAIL,4.950202875387516,2.291916331143961
2024-06-11 06:55:00+00:00,2024-06-11 07:00:00+00:00,SHORT,SL,-1.0,-0.6294683236766841
2024-06-11 13:55:00+00:00,2024-06-11 14:00:00+00:00,SHORT,SL,-1.0,-0.6214399814918331
2024-06-13 15:45:00+00:00,2024-06-13 16:05:00+00:00,SHORT,BE,0.0,-0.09824710919052694
2024-06-14 16:15:00+00:00,2024-06-14 16:25:00+00:00,SHORT,TRAIL,1.674140981610445,0.7213203670081313
2024-06-17 07:05:00+00:00,2024-06-17 07:25:00+00:00,SHORT,SL,-1.0,-0.7415595996949002
2024-06-17 13:30:00+00:00,2024-06-17 14:00:00+00:00,SHORT,TRAIL,0.7899823663592845,0.2051158476010716
2024-06-18 01:40:00+00:00,2024-06-18 01:50:00+00:00,SHORT,BE,0.0,-0.11180656458557553
2024-06-23 15:20:00+00:00,2024-06-23 16:05:00+00:00,SHORT,BE,0.0,-0.5292649662935874
2024-06-23 20:30:00+00:00,2024-06-23 20:35:00+00:00,SHORT,TRAIL,1.1810371881121862,0.15238821288672685
2024-06-23 23:45:00+00:00,2024-06-24 00:00:00+00:00,SHORT,TRAIL,1.158666630074947,0.34233257379795007
2024-06-24 05:20:00+00:00,2024-06-24 05:40:00+00:00,SHORT,BE,0.0,-0.1721755156114771
2024-06-24 09:30:00+00:00,2024-06-24 09:35:00+00:00,SHORT,TRAIL,4.264774215636022,2.0133867742196103
2024-06-24 16:35:00+00:00,2024-06-24 16:50:00+00:00,SHORT,BE,0.0,-0.10305087372549153
2024-06-24 20:00:00+00:00,2024-06-24 20:25:00+00:00,SHORT,TRAIL,0.806395560191135,0.3297616662857839
2024-06-28 19:15:00+00:00,2024-06-28 20:00:00+00:00,SHORT,TRAIL,0.9905904733446083,0.3558888980979846
2024-07-04 02:00:00+00:00,2024-07-04 02:10:00+00:00,SHORT,TRAIL,0.7844014399413453,0.30195587608489843
2024-07-04 08:50:00+00:00,2024-07-04 09:10:00+00:00,SHORT,BE,0.0,-0.08502519867132122
2024-07-05 02:50:00+00:00,2024-07-05 02:55:00+00:00,SHORT,TRAIL,1.3287171370311315,0.5941887937440484
2024-07-07 23:40:00+00:00,2024-07-07 23:45:00+00:00,SHORT,BE,0.0,-0.11628902814177514
2024-07-13 23:00:00+00:00,2024-07-13 23:05:00+00:00,LONG,TRAIL,0.6338028503737333,0.1734366923628395
2024-07-14 04:20:00+00:00,2024-07-14 04:25:00+00:00,LONG,SL,-1.0,-0.6397075981160408
2024-07-15 01:15:00+00:00,2024-07-15 01:30:00+00:00,LONG,SL,-1.0,-0.6220661120420701
2024-07-19 15:00:00+00:00,2024-07-19 15:25:00+00:00,LONG,SL,-1.0,-0.6055227103910465
2024-07-19 19:05:00+00:00,2024-07-19 19:35:00+00:00,LONG,BE,0.0,-0.11078771702166686
2024-07-21 20:20:00+00:00,2024-07-21 22:35:00+00:00,LONG,BE,0.0,-0.09405888625630646
2024-07-29 02:15:00+00:00,2024-07-29 02:30:00+00:00,LONG,TRAIL,0.8037364546853569,0.2537926931417709
2024-07-31 19:50:00+00:00,2024-07-31 20:15:00+00:00,SHORT,TRAIL,0.6391765118936186,0.21357021584783709
2024-08-01 01:55:00+00:00,2024-08-01 05:10:00+00:00,SHORT,TRAIL,0.864323580570341,0.3266849020718156
2024-08-02 21:25:00+00:00,2024-08-02 21:30:00+00:00,SHORT,BE,0.0,-0.07204467993719159
2024-08-04 17:15:00+00:00,2024-08-04 17:20:00+00:00,SHORT,BE,0.0,-0.09101304414883998
2024-08-05 00:35:00+00:00,2024-08-05 00:55:00+00:00,SHORT,TRAIL,1.5894087058532216,0.7273038637755118
2024-08-05 06:05:00+00:00,2024-08-05 06:15:00+00:00,SHORT,BE,0.0,-0.031292637334733274
2024-08-15 18:20:00+00:00,2024-08-15 18:25:00+00:00,SHORT,SL,-1.0,-0.5801412533810207
2024-08-21 18:30:00+00:00,2024-08-21 18:40:00+00:00,LONG,BE,0.0,-0.1060749374138566
2024-08-23 14:15:00+00:00,2024-08-23 14:20:00+00:00,LONG,BE,0.0,-0.13332023143195984
2024-08-23 17:45:00+00:00,2024-08-23 18:00:00+00:00,LONG,TRAIL,1.4064992617656458,0.6022985390930549
2024-08-23 21:20:00+00:00,2024-08-23 22:25:00+00:00,LONG,TRAIL,1.2115289875760895,0.5039670204211619
2024-08-25 23:15:00+00:00,2024-08-25 23:20:00+00:00,LONG,SL,-1.0,-0.6889345825966015
2024-08-30 15:00:00+00:00,2024-08-30 15:35:00+00:00,SHORT,TRAIL,0.8416766560183825,0.3241526779938167
2024-09-01 02:30:00+00:00,2024-09-01 03:10:00+00:00,SHORT,SL,-1.0,-0.7269837854704295
2024-09-01 14:10:00+00:00,2024-09-01 14:15:00+00:00,SHORT,BE,0.0,-0.17547754175688784
2024-09-04 01:00:00+00:00,2024-09-04 01:05:00+00:00,SHORT,TRAIL,5.157231913343992,2.4616048981450374
2024-09-05 15:25:00+00:00,2024-09-05 17:10:00+00:00,SHORT,SL,-1.0,-0.5903237104092293
2024-09-06 14:15:00+00:00,2024-09-06 15:00:00+00:00,SHORT,TRAIL,0.7119902763732946,0.28303487569000585
2024-09-06 18:35:00+00:00,2024-09-06 19:10:00+00:00,SHORT,SL,-1.0,-0.5671729602725176
2024-09-13 15:20:00+00:00,2024-09-13 15:25:00+00:00,LONG,TRAIL,1.2733549907483523,0.5085690700803438
2024-09-13 21:10:00+00:00,2024-09-13 22:00:00+00:00,LONG,TRAIL,0.6050645538435531,0.17166748065931406
2024-09-17 14:30:00+00:00,2024-09-17 15:00:00+00:00,LONG,TRAIL,2.149028129210782,0.963401599651173
2024-09-18 18:35:00+00:00,2024-09-18 18:40:00+00:00,LONG,SL,-1.0,-0.5901232431525828
2024-09-18 23:55:00+00:00,2024-09-19 00:00:00+00:00,LONG,TRAIL,0.830762271218129,0.31982087992973
2024-09-22 22:45:00+00:00,2024-09-22 23:05:00+00:00,LONG,BE,0.0,-0.12866836760209394
2024-09-23 03:05:00+00:00,2024-09-23 03:30:00+00:00,LONG,TRAIL,0.825918479222412,0.30414073730901414
2024-09-24 20:00:00+00:00,2024-09-24 20:05:00+00:00,LONG,TRAIL,0.8237535347034401,0.2751501624531762
2024-09-26 14:15:00+00:00,2024-09-26 14:20:00+00:00,LONG,TRAIL,0.841017663535695,0.26583716081351194
2024-10-01 15:00:00+00:00,2024-10-01 15:05:00+00:00,SHORT,TRAIL,0.7633229496955816,0.2574752641881477
2024-10-01 20:15:00+00:00,2024-10-01 20:35:00+00:00,SHORT,TRAIL,0.6112634141969652,0.22245782922964122
2024-10-07 14:15:00+00:00,2024-10-07 14:20:00+00:00,LONG,TRAIL,0.7103599078533201,0.20527351302145977
2024-10-09 18:15:00+00:00,2024-10-09 19:30:00+00:00,SHORT,TRAIL,1.9128488994905788,0.8159974827226246
2024-10-10 17:05:00+00:00,2024-10-10 17:50:00+00:00,SHORT,TRAIL,1.116166516174657,0.427990043686725
2024-10-14 03:30:00+00:00,2024-10-14 03:35:00+00:00,LONG,TRAIL,2.237713095102988,0.9492635884129995
2024-10-14 07:50:00+00:00,2024-10-14 08:35:00+00:00,LONG,SL,-1.0,-0.6483991443514298
2024-10-14 14:30:00+00:00,2024-10-14 14:40:00+00:00,LONG,TRAIL,0.8952015828262978,0.3315971743473232
2024-10-15 14:00:00+00:00,2024-10-15 14:05:00+00:00,LONG,TRAIL,1.9568648837827725,0.870481136950397
2024-10-20 14:30:00+00:00,2024-10-20 14:45:00+00:00,LONG,SL,-1.0,-0.8688082906329051
2024-10-20 21:00:00+00:00,2024-10-20 21:10:00+00:00,LONG,SL,-1.0,-0.8397615120988184
2024-10-21 00:20:00+00:00,2024-10-21 00:25:00+00:00,LONG,SL,-1.0,-0.7025171041517688
2024-10-27 17:30:00+00:00,2024-10-27 17:45:00+00:00,LONG,SL,-1.0,-0.7984509929473133
2024-10-27 21:45:00+00:00,2024-10-27 21:50:00+00:00,LONG,SL,-1.0,-0.776161453906243
2024-10-28 07:15:00+00:00,2024-10-28 07:30:00+00:00,LONG,TRAIL,0.7857144340188706,0.16347628123326102
2024-10-28 12:30:00+00:00,2024-10-28 13:35:00+00:00,LONG,SL,-1.0,-0.7006547969650568
2024-10-28 19:05:00+00:00,2024-10-28 19:30:00+00:00,LONG,TRAIL,0.7176011325475882,0.2299737130647298
2024-10-29 02:15:00+00:00,2024-10-29 02:20:00+00:00,LONG,TRAIL,2.4666176788634986,1.1087657394468542
2024-10-29 16:45:00+00:00,2024-10-29 19:00:00+00:00,LONG,TRAIL,1.1496217045806487,0.4544534953121793
2024-11-04 17:00:00+00:00,2024-11-04 17:25:00+00:00,SHORT,SL,-1.0,-0.6161945669320542
2024-11-04 21:50:00+00:00,2024-11-04 22:00:00+00:00,SHORT,SL,-1.0,-0.6083937318996935
2024-11-06 03:00:00+00:00,2024-11-06 03:05:00+00:00,LONG,TRAIL,3.596916789461648,1.7256305782631902
2024-11-10 00:55:00+00:00,2024-11-10 01:00:00+00:00,LONG,SL,-1.0,-0.6997097607005056
2024-11-10 04:30:00+00:00,2024-11-10 04:35:00+00:00,LONG,TRAIL,0.7209080862275624,0.1970294403809628
2024-11-10 11:10:00+00:00,2024-11-10 11:25:00+00:00,LONG,SL,-1.0,-0.6411959198244256
2024-11-10 18:25:00+00:00,2024-11-10 18:55:00+00:00,LONG,SL,-1.0,-0.6201496519980333
2024-11-10 22:20:00+00:00,2024-11-10 22:25:00+00:00,LONG,SL,-1.0,-0.5917763050241553
2024-11-11 15:30:00+00:00,2024-11-11 15:35:00+00:00,LONG,TRAIL,1.0704540877740887,0.4499776925924551
2024-11-11 19:00:00+00:00,2024-11-11 19:05:00+00:00,LONG,TRAIL,1.1742771179091964,0.5096306303421917
2024-11-11 23:00:00+00:00,2024-11-11 23:10:00+00:00,LONG,BE,0.0,-0.06327404547834801
2024-11-13 16:15:00+00:00,2024-11-13 16:30:00+00:00,LONG,SL,-1.0,-0.5621975582092328
2024-11-21 04:55:00+00:00,2024-11-21 05:45:00+00:00,LONG,BE,0.0,-0.1010213424503851
2024-12-02 01:30:00+00:00,2024-12-02 01:35:00+00:00,LONG,SL,-1.0,-0.6716779270330426
2024-12-04 20:00:00+00:00,2024-12-04 20:10:00+00:00,LONG,TRAIL,1.3268742718444122,0.549841020839313
2024-12-05 02:30:00+00:00,2024-12-05 02:35:00+00:00,LONG,TRAIL,1.6762689021385646,0.7346512966466291
2024-12-12 16:00:00+00:00,2024-12-12 16:35:00+00:00,LONG,SL,-1.0,-0.6054381777646786
2024-12-15 23:15:00+00:00,2024-12-15 23:20:00+00:00,LONG,TRAIL,2.958688061219629,1.3134350452799548
2024-12-16 16:35:00+00:00,2024-12-16 16:45:00+00:00,LONG,SL,-1.0,-0.6052164069663817
2024-12-19 19:45:00+00:00,2024-12-19 20:45:00+00:00,SHORT,SL,-1.0,-0.5623385631999239
2024-12-23 01:15:00+00:00,2024-12-23 01:30:00+00:00,SHORT,SL,-1.0,-0.6048315054811367
2024-12-23 15:50:00+00:00,2024-12-23 16:45:00+00:00,SHORT,SL,-1.0,-0.583967896552904
2024-12-29 16:30:00+00:00,2024-12-29 17:10:00+00:00,SHORT,SL,-1.0,-0.6940720465829726
2024-12-29 22:20:00+00:00,2024-12-29 22:30:00+00:00,SHORT,SL,-1.0,-0.6628158795253832
2024-12-30 14:45:00+00:00,2024-12-30 14:55:00+00:00,SHORT,TRAIL,0.6916676289123239,0.21339282685542763
2025-01-03 16:30:00+00:00,2025-01-03 19:45:00+00:00,LONG,TRAIL,1.3043627490208891,0.5223216931515764
2025-01-06 02:05:00+00:00,2025-01-06 02:15:00+00:00,LONG,SL,-1.0,-0.6873241859831523
2025-01-06 05:30:00+00:00,2025-01-06 06:10:00+00:00,LONG,SL,-1.0,-0.6896326669811716
2025-01-06 15:00:00+00:00,2025-01-06 15:15:00+00:00,LONG,TRAIL,1.8583419275128639,0.8171869613692311
2025-01-08 17:05:00+00:00,2025-01-08 17:20:00+00:00,SHORT,TRAIL,0.804316340315224,0.3101008698686726
2025-01-09 20:20:00+00:00,2025-01-09 20:55:00+00:00,SHORT,SL,-1.0,-0.5846227216329128
2025-01-13 06:45:00+00:00,2025-01-13 07:35:00+00:00,SHORT,SL,-1.0,-0.6533366495061986
2025-01-13 10:45:00+00:00,2025-01-13 11:45:00+00:00,SHORT,TRAIL,0.9770599124382665,0.36863625195474187
2025-01-17 19:40:00+00:00,2025-01-17 20:40:00+00:00,LONG,SL,-1.0,-0.610866454021126
2025-02-01 22:55:00+00:00,2025-02-01 23:35:00+00:00,SHORT,SL,-1.0,-0.6694720996419241
2025-02-02 03:10:00+00:00,2025-02-02 03:20:00+00:00,SHORT,BE,0.0,-0.17477905834352853
2025-02-02 12:55:00+00:00,2025-02-02 13:25:00+00:00,SHORT,SL,-1.0,-0.6359043014205548
2025-02-02 17:30:00+00:00,2025-02-02 17:55:00+00:00,SHORT,TRAIL,0.9972994845758406,0.38295824089485386
2025-02-03 00:45:00+00:00,2025-02-03 00:50:00+00:00,SHORT,SL,-1.0,-0.5569873637310125
2025-02-04 22:05:00+00:00,2025-02-04 22:15:00+00:00,SHORT,SL,-1.0,-0.5625768649000812
2025-02-07 20:55:00+00:00,2025-02-07 23:30:00+00:00,SHORT,SL,-1.0,-0.5903959425503906
2025-02-09 21:35:00+00:00,2025-02-09 21:40:00+00:00,SHORT,TRAIL,1.5367494155410424,0.5714160985567426
2025-02-11 18:05:00+00:00,2025-02-11 19:15:00+00:00,SHORT,TRAIL,1.5561320130993632,0.6227851116416269
2025-02-12 13:45:00+00:00,2025-02-12 13:55:00+00:00,SHORT,SL,-1.0,-0.618057603107554
2025-02-16 23:00:00+00:00,2025-02-16 23:20:00+00:00,SHORT,TRAIL,0.6190531027210087,0.04712265433689171
2025-02-17 05:00:00+00:00,2025-02-17 05:05:00+00:00,SHORT,SL,-1.0,-0.7473236763469342
2025-02-17 16:00:00+00:00,2025-02-17 16:05:00+00:00,SHORT,SL,-1.0,-0.6784406433999505
2025-02-18 16:35:00+00:00,2025-02-18 18:00:00+00:00,SHORT,TRAIL,2.2321630108573833,0.9686081810384612
2025-02-20 18:00:00+00:00,2025-02-20 20:35:00+00:00,LONG,TRAIL,0.6736961254500583,0.16701828072569835
2025-02-23 15:00:00+00:00,2025-02-23 15:45:00+00:00,SHORT,BE,0.0,-0.31546315483907716
2025-02-24 04:35:00+00:00,2025-02-24 04:45:00+00:00,SHORT,SL,-1.0,-0.6870330253184832
2025-02-24 14:50:00+00:00,2025-02-24 15:00:00+00:00,SHORT,TRAIL,1.1768299123424668,0.40021023017956736
2025-02-24 22:15:00+00:00,2025-02-24 22:45:00+00:00,SHORT,TRAIL,0.6081378951078474,0.1987763170566076
2025-02-25 07:30:00+00:00,2025-02-25 07:35:00+00:00,SHORT,TRAIL,1.2026031438210218,0.5242620374623449
2025-02-25 15:15:00+00:00,2025-02-25 15:40:00+00:00,SHORT,SL,-1.0,-0.564463469601602
2025-02-26 18:30:00+00:00,2025-02-26 18:35:00+00:00,SHORT,TRAIL,1.4267503327138416,0.6505901191540051
2025-02-28 02:30:00+00:00,2025-02-28 02:35:00+00:00,SHORT,BE,0.0,-0.06335905838368414
2025-02-28 08:15:00+00:00,2025-02-28 09:05:00+00:00,SHORT,SL,-1.0,-0.549549412127831
2025-03-04 01:45:00+00:00,2025-03-04 01:50:00+00:00,SHORT,TRAIL,1.2253368172815793,0.561784237753758
2025-03-09 12:15:00+00:00,2025-03-09 12:40:00+00:00,SHORT,SL,-1.0,-0.6526581508698972
2025-03-09 15:45:00+00:00,2025-03-09 16:00:00+00:00,SHORT,SL,-1.0,-0.6117960924427805
2025-03-09 21:20:00+00:00,2025-03-09 22:40:00+00:00,SHORT,TRAIL,0.9658249725967963,0.40229233692404787
2025-03-10 14:15:00+00:00,2025-03-10 14:20:00+00:00,SHORT,SL,-1.0,-0.5588851192829708
2025-03-10 18:55:00+00:00,2025-03-10 19:15:00+00:00,SHORT,SL,-1.0,-0.5513730087618505
2025-03-13 16:45:00+00:00,2025-03-13 18:10:00+00:00,SHORT,BE,0.0,-0.08326042100912952
2025-03-16 23:05:00+00:00,2025-03-16 23:15:00+00:00,SHORT,SL,-1.0,-0.6077350039614021
2025-03-19 22:40:00+00:00,2025-03-20 00:00:00+00:00,LONG,TRAIL,2.2405241396678988,1.0116691544540344
2025-03-23 14:00:00+00:00,2025-03-23 14:05:00+00:00,LONG,SL,-1.0,-0.8219421090225617
2025-03-23 22:15:00+00:00,2025-03-23 22:20:00+00:00,LONG,BE,0.0,-0.2624733081833217
2025-03-24 04:00:00+00:00,2025-03-24 06:20:00+00:00,LONG,TRAIL,0.8997522215127164,0.28233306240065
2025-03-24 14:15:00+00:00,2025-03-24 14:20:00+00:00,LONG,TRAIL,1.2496071264289048,0.4738625826554391
2025-03-31 00:40:00+00:00,2025-03-31 00:55:00+00:00,SHORT,SL,-1.0,-0.6399295341234733
2025-04-02 20:10:00+00:00,2025-04-02 20:15:00+00:00,LONG,TRAIL,1.3501662209980265,0.5655114768322137
2025-04-06 16:40:00+00:00,2025-04-06 17:10:00+00:00,SHORT,TRAIL,0.7223850220868023,0.1737253244080202
2025-04-06 22:00:00+00:00,2025-04-06 22:05:00+00:00,SHORT,SL,-1.0,-0.5737887218309454
2025-04-07 04:40:00+00:00,2025-04-07 05:20:00+00:00,SHORT,SL,-1.0,-0.563698284617871
2025-04-21 00:30:00+00:00,2025-04-21 00:35:00+00:00,LONG,TRAIL,3.958647799377456,1.8047279085978556
2025-04-21 14:20:00+00:00,2025-04-21 14:45:00+00:00,LONG,BE,0.0,-0.1347043566474641
2025-04-22 14:45:00+00:00,2025-04-22 15:00:00+00:00,LONG,BE,0.0,-0.11763913450705017
2025-04-22 22:00:00+00:00,2025-04-22 23:25:00+00:00,LONG,TRAIL,1.7323996411504816,0.777710020651935
2025-04-25 14:10:00+00:00,2025-04-25 14:20:00+00:00,LONG,SL,-1.0,-0.6382413895385766
2025-04-28 10:45:00+00:00,2025-04-28 11:05:00+00:00,LONG,TRAIL,0.8962097044222062,0.24684164218579108
2025-05-01 15:05:00+00:00,2025-05-01 15:30:00+00:00,LONG,BE,0.0,-0.14588243396983644
2025-05-07 00:05:00+00:00,2025-05-07 01:10:00+00:00,LONG,TRAIL,1.0266767162580026,0.36171290742499124
2025-05-08 01:20:00+00:00,2025-05-08 03:00:00+00:00,LONG,TRAIL,1.3855646072465586,0.5444335051364884
2025-05-08 15:45:00+00:00,2025-05-08 15:50:00+00:00,LONG,SL,-1.0,-0.6263587761800898
2025-05-08 20:45:00+00:00,2025-05-08 20:55:00+00:00,LONG,TRAIL,1.0003370283787454,0.36921932762406595
2025-05-10 23:30:00+00:00,2025-05-11 00:00:00+00:00,LONG,TRAIL,1.4209993436338357,0.5159173209232126
2025-05-18 14:30:00+00:00,2025-05-18 14:35:00+00:00,LONG,BE,0.0,-0.2702527409364668
2025-05-18 23:50:00+00:00,2025-05-19 00:05:00+00:00,LONG,TRAIL,0.8659552167995813,0.3137049287328224
2025-05-20 19:55:00+00:00,2025-05-20 20:00:00+00:00,LONG,SL,-1.0,-0.6312806028076308
2025-05-21 15:15:00+00:00,2025-05-21 15:30:00+00:00,LONG,SL,-1.0,-0.6145866531296607
2025-05-29 19:00:00+00:00,2025-05-29 21:00:00+00:00,SHORT,SL,-1.0,-0.6246225579092467
2025-06-02 14:00:00+00:00,2025-06-02 14:05:00+00:00,SHORT,SL,-1.0,-0.6717411327751589
2025-06-05 14:15:00+00:00,2025-06-05 14:35:00+00:00,SHORT,SL,-1.0,-0.6845683587952552
2025-06-05 18:10:00+00:00,2025-06-05 18:30:00+00:00,SHORT,SL,-1.0,-0.6430514995042448
2025-06-09 10:15:00+00:00,2025-06-09 10:30:00+00:00,LONG,BE,0.0,-0.22897995278990382
2025-06-09 17:10:00+00:00,2025-06-09 19:20:00+00:00,LONG,TRAIL,0.967588594363844,0.30856248644901685
2025-06-16 19:15:00+00:00,2025-06-16 19:40:00+00:00,LONG,BE,0.0,-0.1860374426844677
2025-06-20 17:30:00+00:00,2025-06-20 17:35:00+00:00,SHORT,TRAIL,1.192754405202575,0.4678125152868971
2025-06-21 21:20:00+00:00,2025-06-21 21:25:00+00:00,SHORT,TRAIL,1.1380924896451075,0.35678917326798054
2025-06-22 14:20:00+00:00,2025-06-22 14:30:00+00:00,SHORT,BE,0.0,-0.12348014364925314
2025-06-29 10:15:00+00:00,2025-06-29 10:20:00+00:00,LONG,TRAIL,1.411403377952182,0.16824966218286555
2025-06-30 00:20:00+00:00,2025-06-30 01:05:00+00:00,LONG,SL,-1.0,-0.774445669137735
2025-07-02 15:55:00+00:00,2025-07-02 16:05:00+00:00,LONG,TRAIL,2.4031140698354285,1.0019399655488108
2025-07-03 13:55:00+00:00,2025-07-03 14:05:00+00:00,LONG,SL,-1.0,-0.6790066961403145
2025-07-06 21:25:00+00:00,2025-07-06 21:30:00+00:00,LONG,TRAIL,1.5764392022218239,0.4921843374703964
2025-07-09 19:15:00+00:00,2025-07-09 19:35:00+00:00,LONG,TRAIL,4.5995125324619455,2.0597084921324815
2025-07-10 16:30:00+00:00,2025-07-10 17:05:00+00:00,LONG,TRAIL,1.9922678804535408,0.8248467462500712
2025-07-10 21:15:00+00:00,2025-07-10 21:20:00+00:00,LONG,TRAIL,7.070776787667783,3.360302559907234
2025-07-13 14:15:00+00:00,2025-07-13 14:20:00+00:00,LONG,TRAIL,1.6728681275470325,0.5421015345455996
2025-07-14 02:30:00+00:00,2025-07-14 02:45:00+00:00,LONG,SL,-1.0,-0.6866556371903555
2025-07-14 07:35:00+00:00,2025-07-14 08:00:00+00:00,LONG,SL,-1.0,-0.6398124606974391
2025-07-17 21:30:00+00:00,2025-07-17 22:50:00+00:00,LONG,SL,-1.0,-0.6341653652808178
2025-07-27 16:00:00+00:00,2025-07-27 16:05:00+00:00,LONG,TRAIL,0.7815322332792646,0.04001460458380519
2025-07-27 22:05:00+00:00,2025-07-27 23:00:00+00:00,LONG,SL,-1.0,-0.7851935836434744
2025-07-30 18:45:00+00:00,2025-07-30 19:00:00+00:00,SHORT,TRAIL,1.8098003100864797,0.7299415616727668
2025-07-31 20:30:00+00:00,2025-07-31 21:30:00+00:00,SHORT,SL,-1.0,-0.668930854538434
2025-08-01 00:50:00+00:00,2025-08-01 01:00:00+00:00,SHORT,SL,-1.0,-0.647880504571592
2025-08-05 14:20:00+00:00,2025-08-05 14:40:00+00:00,SHORT,TRAIL,0.657299347103422,0.15486818532376703
2025-08-07 20:00:00+00:00,2025-08-08 00:15:00+00:00,LONG,SL,-1.0,-0.6896893702022158
2025-08-10 03:30:00+00:00,2025-08-10 04:00:00+00:00,LONG,TRAIL,1.4696370012834061,0.4975507641369343
2025-08-11 02:15:00+00:00,2025-08-11 02:20:00+00:00,LONG,TRAIL,2.6303111600792066,1.1522795442314693
2025-08-13 14:00:00+00:00,2025-08-13 14:15:00+00:00,LONG,TRAIL,1.9691848544977295,0.830827335249149
2025-08-13 19:20:00+00:00,2025-08-13 21:45:00+00:00,LONG,BE,0.0,-0.1456576989036977
2025-08-18 00:30:00+00:00,2025-08-18 00:40:00+00:00,SHORT,SL,-1.0,-0.8335692555052024
2025-08-18 03:45:00+00:00,2025-08-18 04:25:00+00:00,SHORT,SL,-1.0,-0.6891070334311762
2025-08-18 09:20:00+00:00,2025-08-18 09:40:00+00:00,SHORT,SL,-1.0,-0.6933826080821074
2025-08-19 14:45:00+00:00,2025-08-19 17:10:00+00:00,SHORT,TRAIL,1.2805618310354503,0.48121240424632
2025-08-24 19:45:00+00:00,2025-08-24 19:50:00+00:00,SHORT,TRAIL,2.384433200124139,1.0814610633450297
2025-08-25 20:45:00+00:00,2025-08-25 21:45:00+00:00,SHORT,SL,-1.0,-0.6011474748687169
2025-08-29 13:45:00+00:00,2025-08-29 14:05:00+00:00,SHORT,TRAIL,1.0514161532493913,0.3718220570563173
2025-08-29 20:35:00+00:00,2025-08-29 21:30:00+00:00,SHORT,SL,-1.0,-0.6401937068433555
2025-09-01 00:05:00+00:00,2025-09-01 00:20:00+00:00,SHORT,TRAIL,0.7955416228872039,0.13100923586759217
2025-09-08 08:30:00+00:00,2025-09-08 09:25:00+00:00,LONG,TRAIL,0.6219623830510602,0.04050352202417243
2025-09-08 14:30:00+00:00,2025-09-08 15:55:00+00:00,LONG,BE,0.0,-0.2187359800672663
2025-09-10 13:40:00+00:00,2025-09-10 16:20:00+00:00,LONG,SL,-1.0,-0.689760166601986
2025-09-15 05:20:00+00:00,2025-09-15 06:05:00+00:00,LONG,TRAIL,1.3027792783330963,0.3670195319166686
2025-09-22 05:55:00+00:00,2025-09-22 06:00:00+00:00,SHORT,TRAIL,10.194946754765118,4.8157070442457295
2025-09-25 17:15:00+00:00,2025-09-25 17:50:00+00:00,SHORT,TP,2.909090909090897,1.3155663892812968
2025-10-01 09:00:00+00:00,2025-10-01 10:30:00+00:00,LONG,TRAIL,0.9447808305038159,0.2966048122852577
2025-10-02 16:00:00+00:00,2025-10-02 17:00:00+00:00,LONG,SL,-1.0,-0.6635368348715058
2025-10-03 16:00:00+00:00,2025-10-03 16:05:00+00:00,LONG,TRAIL,1.481388000906676,0.5754601867480834
2025-10-05 02:45:00+00:00,2025-10-05 02:50:00+00:00,LONG,TRAIL,1.8184789973844302,0.6774639634847591
2025-10-06 19:00:00+00:00,2025-10-06 19:15:00+00:00,LONG,SL,-1.0,-0.6580158953319339
2025-10-10 20:50:00+00:00,2025-10-10 20:55:00+00:00,SHORT,TRAIL,3.5806725550227347,1.6866609990405539
2025-10-16 15:40:00+00:00,2025-10-16 15:45:00+00:00,SHORT,BE,0.0,-0.09435413286241481
2025-10-26 11:35:00+00:00,2025-10-26 11:40:00+00:00,LONG,TRAIL,1.2423809642668715,0.34233389364891764
2025-10-26 22:15:00+00:00,2025-10-26 23:05:00+00:00,LONG,TRAIL,0.8586025729107779,0.27503042235758246
2025-11-03 02:30:00+00:00,2025-11-03 02:50:00+00:00,SHORT,TRAIL,0.7398975826418566,0.1882544073530135
2025-11-03 06:45:00+00:00,2025-11-03 06:50:00+00:00,SHORT,SL,-1.0,-0.6408938481956804
2025-11-03 10:55:00+00:00,2025-11-03 11:00:00+00:00,SHORT,SL,-1.0,-0.6500989727873812
2025-11-03 15:30:00+00:00,2025-11-03 16:10:00+00:00,SHORT,TRAIL,0.9191905799676126,0.35633568008116195
2025-11-04 18:00:00+00:00,2025-11-04 18:40:00+00:00,SHORT,BE,0.0,-0.08382953075543573
2025-11-04 21:50:00+00:00,2025-11-04 21:55:00+00:00,SHORT,SL,-1.0,-0.5695495256220898
2025-11-06 15:45:00+00:00,2025-11-06 15:50:00+00:00,SHORT,SL,-1.0,-0.6058098660895567
2025-11-12 15:50:00+00:00,2025-11-12 16:10:00+00:00,SHORT,TRAIL,1.1165853602848441,0.4321491878821636
2025-11-12 19:25:00+00:00,2025-11-12 20:15:00+00:00,SHORT,SL,-1.0,-0.6157427562141239
2025-11-13 17:20:00+00:00,2025-11-13 18:15:00+00:00,SHORT,TRAIL,1.3080486748148334,0.566624615683813
2025-11-16 16:20:00+00:00,2025-11-16 17:15:00+00:00,SHORT,SL,-1.0,-0.642227882447104
2025-11-16 21:40:00+00:00,2025-11-16 22:45:00+00:00,SHORT,SL,-1.0,-0.5991024635667429
2025-11-17 18:00:00+00:00,2025-11-17 20:15:00+00:00,SHORT,TRAIL,1.1023775146120245,0.4747331422156645
2025-11-18 04:45:00+00:00,2025-11-18 04:55:00+00:00,SHORT,SL,-1.0,-0.5769267496385114
2025-11-19 17:30:00+00:00,2025-11-19 18:10:00+00:00,SHORT,SL,-1.0,-0.5882062742708849
2025-11-20 16:20:00+00:00,2025-11-20 16:25:00+00:00,SHORT,SL,-1.0,-0.5831386108706513
2025-11-21 07:45:00+00:00,2025-11-21 09:40:00+00:00,SHORT,TP,2.9090909090908745,1.393334570849982
2025-11-28 14:00:00+00:00,2025-11-28 14:25:00+00:00,LONG,TRAIL,1.4952997341468381,0.5915129871838978
2025-12-01 15:30:00+00:00,2025-12-01 15:45:00+00:00,SHORT,TRAIL,0.707826317975914,0.24630422347394876
2025-12-07 14:20:00+00:00,2025-12-07 14:25:00+00:00,SHORT,TRAIL,1.5277034100965905,0.5587966794715162
2025-12-09 16:00:00+00:00,2025-12-09 16:35:00+00:00,LONG,TP,2.909090909090948,1.3546563081690308
2025-12-10 20:10:00+00:00,2025-12-10 20:15:00+00:00,LONG,SL,-1.0,-0.5918880468796811
2025-12-14 11:35:00+00:00,2025-12-14 11:40:00+00:00,SHORT,TRAIL,4.831519962456226,2.1110100846493203
2025-12-14 22:30:00+00:00,2025-12-14 22:55:00+00:00,SHORT,SL,-1.0,-0.6817870143574976
2025-12-15 15:15:00+00:00,2025-12-15 15:20:00+00:00,SHORT,TRAIL,0.9044994811826258,0.3240820030515905
2025-12-15 18:30:00+00:00,2025-12-15 18:40:00+00:00,SHORT,SL,-1.0,-0.5977036437396527
2025-12-17 18:45:00+00:00,2025-12-18 00:45:00+00:00,SHORT,TIME,-0.6283527179310961,-0.3864569065369071
2025-12-18 19:45:00+00:00,2025-12-18 21:25:00+00:00,SHORT,SL,-1.0,-0.5619104358688282
2025-12-29 04:20:00+00:00,2025-12-29 06:45:00+00:00,LONG,SL,-1.0,-0.6513746262022965
2026-01-01 23:20:00+00:00,2026-01-02 00:05:00+00:00,LONG,SL,-1.0,-0.8143505562204435
2026-01-02 03:40:00+00:00,2026-01-02 04:05:00+00:00,LONG,SL,-1.0,-0.7477380916576359
2026-01-02 10:00:00+00:00,2026-01-02 10:05:00+00:00,LONG,TRAIL,1.3692778905730696,0.4198694557871716
2026-01-02 16:30:00+00:00,2026-01-02 16:50:00+00:00,LONG,SL,-1.0,-0.6052758255497823
2026-01-05 00:45:00+00:00,2026-01-05 01:05:00+00:00,LONG,TRAIL,1.9663119436357603,0.7677365184796778
2026-01-05 14:55:00+00:00,2026-01-05 15:00:00+00:00,LONG,SL,-1.0,-0.6864772170876173
2026-01-05 20:25:00+00:00,2026-01-05 20:30:00+00:00,LONG,SL,-1.0,-0.6432899079687243
2026-01-12 02:15:00+00:00,2026-01-12 02:20:00+00:00,LONG,SL,-1.0,-0.6697540373216372
2026-01-13 15:50:00+00:00,2026-01-13 16:10:00+00:00,LONG,TRAIL,0.683379920052899,0.2039924292286235
2026-01-13 19:30:00+00:00,2026-01-13 21:55:00+00:00,LONG,BE,0.0,-0.13829477207845434
2026-01-14 16:15:00+00:00,2026-01-14 17:35:00+00:00,LONG,SL,-1.0,-0.6159638314866717
2026-01-20 05:15:00+00:00,2026-01-20 05:50:00+00:00,SHORT,BE,0.0,-0.18370465051383894
2026-01-20 15:00:00+00:00,2026-01-20 15:05:00+00:00,SHORT,TRAIL,0.896668362170896,0.29683403870869324
2026-01-20 22:45:00+00:00,2026-01-20 23:00:00+00:00,SHORT,TRAIL,1.3925884071403556,0.5812032597565484
2026-01-21 17:10:00+00:00,2026-01-21 17:40:00+00:00,SHORT,SL,-1.0,-0.5858430087678481
2026-01-25 06:15:00+00:00,2026-01-25 06:40:00+00:00,SHORT,SL,-1.0,-0.9078529243931748
2026-01-25 16:05:00+00:00,2026-01-25 16:10:00+00:00,SHORT,BE,0.0,-0.28783839316692017
2026-01-25 19:20:00+00:00,2026-01-25 19:35:00+00:00,SHORT,BE,0.0,-0.13538520179853133
2026-01-29 15:15:00+00:00,2026-01-29 15:20:00+00:00,SHORT,TRAIL,2.7870712241121414,1.2698533827211773
2026-01-29 18:30:00+00:00,2026-01-29 19:30:00+00:00,SHORT,SL,-1.0,-0.577397926501932
2026-01-30 01:45:00+00:00,2026-01-30 01:50:00+00:00,SHORT,TRAIL,1.0946768559029743,0.4626290810756252
2026-01-31 16:45:00+00:00,2026-01-31 17:05:00+00:00,SHORT,TRAIL,1.0878743132371749,0.4632647075438812
2026-02-02 03:20:00+00:00,2026-02-02 03:45:00+00:00,SHORT,BE,0.0,-0.05801068873843518
2026-02-03 16:20:00+00:00,2026-02-03 17:40:00+00:00,SHORT,TP,2.90909090909095,1.3781439290822763
2026-02-04 17:25:00+00:00,2026-02-04 18:10:00+00:00,SHORT,SL,-1.0,-0.5549628847942515
2026-02-05 02:55:00+00:00,2026-02-05 05:35:00+00:00,SHORT,TRAIL,1.0996969623965032,0.4935681855335328
2026-02-05 15:30:00+00:00,2026-02-05 16:30:00+00:00,SHORT,SL,-1.0,-0.5422267784618889
2026-02-05 20:15:00+00:00,2026-02-05 20:25:00+00:00,SHORT,TRAIL,0.7165588464741225,0.3208388234263884
2026-02-06 00:05:00+00:00,2026-02-06 00:15:00+00:00,SHORT,TRAIL,0.7476892387875301,0.34378100504809056
2026-02-11 15:05:00+00:00,2026-02-11 15:40:00+00:00,SHORT,SL,-1.0,-0.5614948438526541
2026-02-12 16:50:00+00:00,2026-02-12 17:25:00+00:00,SHORT,SL,-1.0,-0.5691853418010839
2026-02-16 15:30:00+00:00,2026-02-16 16:40:00+00:00,SHORT,BE,0.0,-0.09228120693295909
2026-02-17 15:25:00+00:00,2026-02-17 15:45:00+00:00,SHORT,SL,-1.0,-0.6025235827699801
2026-02-18 18:40:00+00:00,2026-02-18 18:45:00+00:00,SHORT,BE,0.0,-0.1035036171649399
2026-02-23 01:00:00+00:00,2026-02-23 01:05:00+00:00,SHORT,TRAIL,7.8565104266180015,3.7400998631134517
2026-02-23 20:10:00+00:00,2026-02-23 20:50:00+00:00,SHORT,SL,-1.0,-0.5862755105425133
2026-02-28 07:00:00+00:00,2026-02-28 07:05:00+00:00,SHORT,SL,-1.0,-0.5954291140443909
2026-03-04 16:00:00+00:00,2026-03-04 16:10:00+00:00,LONG,SL,-1.0,-0.5683580179591183
2026-03-08 22:15:00+00:00,2026-03-08 22:25:00+00:00,SHORT,TRAIL,1.190719129054784,0.4943355750628129
